A.J. Ellis,5677,35,NL,MIA,C,8,45,117,135,27,19,5,0,2,11,12,16,1,23,1,1,0,0,0.229,0.323,0.336,0.659,0.107,0.292,11.5,17.3,0.265,44.0,20.0,36.0,7.0
A.J. Pollock,9256,29,NL,ARI,OF,1,150,600,660,173,113,38,5,17,93,65,51,0,103,2,7,28,7,0.288,0.342,0.450,0.792,0.163,0.340,7.7,15.6,0.320,49.5,19.0,31.5,10.5
A.J. Reed,16246,23,AL,HOU,1B,8,50,134,150,32,18,8,0,5,16,17,14,0,38,1,1,0,0,0.238,0.313,0.418,0.731,0.180,0.316,9.6,25.1,0.290,42.0,20.0,38.0,14.0
Aaron Altherr,11270,26,NL,PHI,OF,5,90,290,324,67,43,15,2,6,34,31,28,0,82,5,2,8,3,0.230,0.307,0.357,0.664,0.127,0.293,8.6,25.4,0.300,48.0,22.0,30.0,9.0
Aaron Hicks,5297,27,AL,NYY,OF,7,120,358,396,89,63,15,2,10,43,37,34,1,76,1,2,5,3,0.249,0.314,0.381,0.695,0.132,0.303,8.6,19.3,0.290,44.5,20.0,35.5,9.5
Aaron Judge,15640,24,AL,NYY,OF,9,130,438,494,105,62,20,1,22,62,61,48,0,146,3,4,4,1,0.240,0.318,0.442,0.760,0.201,0.327,9.8,29.6,0.305,35.0,19.0,46.0,16.0
Adam Duvall,10950,28,NL,CIN,OF,4,153,576,635,141,75,30,4,31,79,99,45,2,169,6,7,5,3,0.245,0.303,0.473,0.776,0.228,0.327,7.1,26.6,0.287,35.0,20.0,45.0,16.5
Adam Eaton,11205,28,NL,WAS,OF,1,150,606,675,169,122,30,7,10,91,49,54,0,117,12,3,13,6,0.279,0.348,0.400,0.749,0.122,0.328,8.0,17.4,0.330,54.5,20.0,25.5,8.0
Adam Frazier,15223,25,NL,PIT,OF,8,75,192,210,55,43,9,2,2,22,16,16,1,29,1,1,5,2,0.288,0.346,0.382,0.727,0.093,0.318,7.8,13.6,0.330,50.0,23.0,27.0,4.0
Adam Jones,6368,31,AL,BAL,OF,2,150,606,645,162,108,25,1,28,80,85,32,2,117,3,3,3,1,0.268,0.307,0.450,0.757,0.182,0.322,5.0,18.2,0.290,45.0,17.5,37.5,15.0
Adam Lind,8027,33,NL,WAS,1B,7,95,295,323,77,49,16,0,11,33,40,26,2,64,1,2,0,0,0.259,0.318,0.429,0.747,0.170,0.320,7.9,19.9,0.295,45.5,20.0,34.5,14.0
Adam Rosales,9682,33,AL,OAK,2B/3B,9,100,252,280,58,36,11,1,10,33,30,24,1,77,2,2,2,1,0.229,0.300,0.396,0.696,0.167,0.301,8.6,27.6,0.288,40.0,18.0,42.0,13.0
Addison Russell,14106,31,NL,CHC,SS,5,153,561,627,134,81,30,3,21,70,82,53,3,153,8,4,5,2,0.240,0.313,0.414,0.727,0.174,0.313,8.5,24.4,0.290,41.0,20.0,39.0,13.0
Adeiny Hechavarria,10459,27,NL,MIA,SS,8,150,532,570,142,111,19,7,5,56,47,32,6,82,1,5,3,2,0.267,0.307,0.354,0.661,0.087,0.284,5.6,14.4,0.305,49.5,21.5,29.0,3.5
Adonis Garcia,13777,31,NL,ATL,3B,7,135,503,533,135,94,28,0,13,52,59,23,3,93,5,2,2,1,0.268,0.306,0.402,0.708,0.134,0.304,4.4,17.4,0.305,50.0,21.0,29.0,11.0
Adrian Beltre,639,37,AL,TEX,3B,3,145,557,609,165,110,31,1,23,78,87,44,5,70,4,4,1,1,0.296,0.349,0.479,0.829,0.183,0.352,7.2,11.5,0.303,41.0,20.0,39.0,12.0
Adrian Gonzalez,1908,34,NL,LAD,1B,4,145,532,593,147,98,30,0,19,64,87,52,8,104,4,5,0,1,0.276,0.341,0.441,0.782,0.165,0.333,8.8,17.6,0.308,42.5,23.5,34.0,13.2
Albert Almora,14109,22,NL,CHC,OF,8,105,325,347,87,62,16,3,7,37,37,18,3,58,1,3,3,2,0.269,0.307,0.400,0.707,0.131,0.301,5.1,16.8,0.307,48.0,22.0,30.0,8.5
Albert Pujols,1177,37,AL,LAA,1B,4,130,504,553,134,90,19,0,26,64,88,41,6,65,3,5,2,1,0.267,0.322,0.457,0.779,0.190,0.330,7.4,11.8,0.260,42.0,18.0,40.0,14.5
Alcides Escobar,6310,30,AL,KC,SS,1,157,648,683,172,134,26,5,7,75,54,26,1,94,5,5,18,5,0.266,0.297,0.354,0.650,0.088,0.282,3.8,13.8,0.300,48.0,22.0,30.0,4.0
Aledmys Diaz,15937,26,NL,STL,SS,2,140,532,588,144,92,34,3,15,80,63,45,2,89,7,4,6,4,0.271,0.335,0.431,0.765,0.160,0.330,7.7,15.2,0.300,47.0,18.0,35.0,9.5
Alen Hanson,12926,24,NL,PIT,2B,8,70,184,196,45,33,6,2,3,18,14,11,1,36,0,1,9,4,0.244,0.287,0.348,0.634,0.104,0.275,5.8,18.6,0.290,55.0,20.0,25.0,7.0
Alex Avila,7476,30,AL,DET,C,8,65,189,221,39,27,8,0,5,19,18,30,0,72,1,1,0,0,0.207,0.319,0.322,0.640,0.115,0.290,13.8,32.6,0.305,45.5,24.5,30.0,13.0
Alex Bregman,17678,22,AL,HOU,3B,6,150,559,615,150,90,33,5,22,78,77,49,1,112,4,3,8,4,0.269,0.331,0.464,0.795,0.195,0.340,8.0,18.2,0.300,34.0,22.0,44.0,11.0
Alex Dickerson,12649,26,NL,SD,OF,5,100,280,310,79,49,17,2,10,39,41,25,1,50,3,2,3,1,0.282,0.346,0.473,0.819,0.191,0.349,8.0,16.2,0.310,40.0,21.0,39.0,11.5
Alex Gordon,5209,33,AL,KC,OF,6,147,522,595,132,86,25,2,19,73,64,60,3,141,9,4,8,2,0.252,0.338,0.414,0.752,0.162,0.326,10.1,23.6,0.308,40.0,22.0,38.0,12.8
Andre Ethier,6265,34,NL,LAD,OF,8,90,257,288,67,46,13,1,7,30,29,27,2,56,3,1,1,1,0.261,0.336,0.397,0.733,0.136,0.318,9.4,19.3,0.308,44.0,22.0,34.0,9.5
Andrelton Simmons,10847,27,AL,LAA,SS,8,145,514,551,139,108,24,2,6,54,48,31,0,46,3,3,7,3,0.271,0.315,0.359,0.674,0.088,0.295,5.7,8.4,0.288,55.0,19.0,26.0,4.5
Andres Blanco,1907,32,NL,PHI,2B/3B,8,100,220,240,55,33,16,1,4,24,24,15,1,44,4,1,1,2,0.250,0.309,0.393,0.703,0.143,0.304,6.2,18.4,0.295,48.5,20.5,31.0,7.5
Andrew Benintendi,17901,22,AL,BOS,OF,2,140,539,602,147,91,37,5,14,79,64,54,1,101,5,5,11,4,0.273,0.341,0.439,0.780,0.166,0.336,8.9,16.7,0.310,39.0,22.0,39.0,8.0
Andrew McCutchen,9847,30,NL,PIT,OF,3,152,579,667,160,101,33,3,23,85,84,77,8,133,7,4,9,5,0.277,0.365,0.465,0.830,0.189,0.355,11.5,19.9,0.320,38.5,21.5,40.0,13.0
Andrew Romine,1159,31,AL,DET,SS,9,100,232,250,55,45,7,1,2,26,17,16,0,54,3,0,7,2,0.237,0.292,0.305,0.597,0.068,0.267,6.2,21.6,0.300,55.5,21.0,23.5,5.5
Andrew Susac,13132,27,NL,MIL,C,8,90,259,288,60,35,14,1,9,30,31,27,1,77,1,1,0,0,0.230,0.304,0.400,0.704,0.170,0.304,9.3,26.8,0.290,41.0,20.0,39.0,13.0
Andrew Toles,13414,24,NL,LAD,OF,8,115,350,380,95,65,21,3,7,40,38,24,5,75,3,3,13,7,0.270,0.320,0.402,0.723,0.132,0.308,6.4,19.8,0.325,48.0,22.0,30.0,8.0
Anthony Rendon,12861,26,NL,WAS,3B,5,150,546,618,148,92,35,3,18,77,80,60,2,113,6,6,9,4,0.271,0.346,0.444,0.790,0.173,0.340,9.7,18.3,0.309,39.0,21.0,40.0,10.2
Anthony Rizzo,3473,27,NL,CHC,1B,3,156,589,685,163,89,38,3,33,95,104,76,8,112,15,4,5,4,0.277,0.372,0.520,0.891,0.243,0.377,11.2,16.3,0.290,37.5,21.0,41.5,16.5
Arismendy Alcantara,10711,25,NL,CIN,OF,7,80,223,240,50,31,10,2,6,23,24,16,0,72,0,1,8,3,0.222,0.272,0.374,0.646,0.152,0.279,6.5,29.8,0.295,47.0,18.0,35.0,12.0
Asdrubal Cabrera,4962,31,NL,NYM,SS,7,142,512,561,133,85,29,2,17,64,61,40,2,105,6,4,5,2,0.260,0.318,0.422,0.740,0.162,0.318,7.1,18.8,0.295,38.0,21.0,41.0,10.0
Austin Barnes,12158,27,NL,LAD,C,8,70,156,175,39,27,8,1,4,19,17,17,1,28,1,1,2,1,0.249,0.324,0.380,0.704,0.131,0.306,9.6,16.2,0.280,38.0,19.0,43.0,7.0
Austin Hedges,12976,24,NL,SD,C,7,110,352,374,85,55,19,1,11,36,42,17,1,87,2,3,1,1,0.243,0.280,0.395,0.675,0.152,0.288,4.6,23.2,0.290,45.0,18.0,37.0,11.0
Austin Jackson,9848,30,AL,CLE,OF,9,70,224,245,59,42,12,1,3,27,21,18,0,53,1,2,2,1,0.264,0.320,0.377,0.698,0.113,0.304,7.5,21.8,0.330,44.0,24.0,32.0,6.0
Austin Romine,5491,28,AL,NYY,C,9,50,118,125,28,19,7,0,2,12,12,6,0,24,0,1,0,0,0.239,0.276,0.353,0.629,0.113,0.273,4.7,19.0,0.280,49.5,20.5,30.0,8.0
Avisail Garcia,5760,25,AL,CHW,OF,5,130,485,530,123,88,20,2,13,59,57,37,0,132,5,4,5,4,0.254,0.312,0.387,0.699,0.133,0.304,6.9,24.8,0.320,52.5,21.5,26.0,14.5
Ben Revere,4712,28,AL,LAA,OF,9,70,217,231,60,51,6,2,1,28,14,12,0,22,1,1,11,3,0.277,0.316,0.340,0.656,0.062,0.289,5.0,9.7,0.305,58.0,21.0,21.0,2.0
Ben Zobrist,7435,35,NL,CHC,2B/OF,4,144,529,616,142,94,32,3,14,78,72,80,4,82,2,5,5,3,0.269,0.364,0.419,0.783,0.150,0.341,13.0,13.3,0.293,47.5,20.0,32.5,9.5
Billy Burns,12701,27,AL,KC,OF,9,40,94,100,23,18,3,1,1,11,6,4,0,14,1,0,5,2,0.244,0.282,0.326,0.608,0.083,0.266,4.2,14.4,0.280,51.0,21.0,28.0,3.0
Billy Hamilton,10199,26,NL,CIN,OF,1,130,487,527,121,92,20,4,5,70,31,36,0,98,1,3,60,11,0.248,0.299,0.334,0.634,0.086,0.279,6.8,18.6,0.300,45.0,21.0,34.0,3.5
Blake Swihart,13176,24,AL,BOS,C,9,45,147,158,37,26,8,1,3,16,14,10,0,36,0,1,1,0,0.253,0.300,0.370,0.670,0.117,0.292,6.4,22.9,0.318,48.0,22.0,30.0,7.8
Brad Miller,12775,27,AL,TB,1B/SS,4,145,534,587,133,80,27,6,21,67,72,47,0,137,3,4,7,3,0.248,0.310,0.435,0.746,0.187,0.320,8.0,23.4,0.295,45.0,19.5,35.5,14.5
Bradley Zimmer,sa599245,24,AL,CLE,OF,8,50,142,160,31,19,7,1,4,18,14,15,0,52,2,1,5,2,0.216,0.301,0.363,0.664,0.147,0.293,9.6,32.6,0.310,44.0,20.0,36.0,12.0
Brandon Belt,10264,28,NL,SF,1B,2,148,550,632,151,87,36,5,22,85,75,73,3,148,5,4,3,1,0.274,0.362,0.480,0.843,0.206,0.360,11.6,23.4,0.335,32.5,25.5,42.0,13.0
Brandon Crawford,5343,30,NL,SF,SS,5,150,547,606,140,90,29,7,14,63,74,47,3,125,5,8,4,2,0.255,0.315,0.409,0.724,0.154,0.310,7.7,20.6,0.302,44.0,20.0,36.0,9.0
Brandon Drury,11615,24,NL,ARI,3B/OF,6,120,426,462,115,73,27,1,13,48,53,30,1,89,3,4,1,1,0.270,0.319,0.432,0.751,0.163,0.322,6.4,19.2,0.310,49.5,20.5,30.0,13.0
Brandon Guyer,2636,31,AL,CLE,OF,7,105,307,347,82,55,18,1,8,40,34,19,0,56,19,1,4,2,0.266,0.347,0.409,0.756,0.143,0.332,5.5,16.3,0.303,44.0,21.0,35.0,9.0
Brandon Moss,4467,33,AL,KC,1B/OF,8,135,431,486,98,50,22,2,24,57,64,45,4,143,6,3,0,0,0.228,0.308,0.455,0.763,0.227,0.323,9.3,29.4,0.278,30.0,20.5,49.5,16.5
Brandon Phillips,791,35,NL,ATL,2B,6,135,511,545,141,105,26,1,9,56,56,23,1,70,6,5,9,4,0.275,0.311,0.384,0.695,0.109,0.301,4.2,12.8,0.300,46.5,21.0,32.5,6.5
Brett Gardner,9927,33,AL,NYY,OF,1,145,550,624,142,101,25,6,10,83,47,62,0,120,6,4,15,4,0.257,0.337,0.375,0.712,0.118,0.314,10.0,19.2,0.310,47.5,21.0,31.5,7.0
Brett Lawrie,5247,27,,FA,2B,6,50,187,203,46,29,10,1,6,20,22,13,1,49,1,1,2,1,0.245,0.298,0.407,0.705,0.162,0.303,6.5,24.4,0.298,43.0,18.5,38.5,12.0
Brian Dozier,9810,29,AL,MIN,2B,2,155,608,682,152,83,35,4,30,95,87,60,3,139,8,6,14,4,0.250,0.322,0.469,0.790,0.219,0.336,8.8,20.4,0.273,36.5,19.5,44.0,14.5
Brian McCann,4810,33,AL,HOU,C,5,120,370,420,85,57,12,0,17,46,53,42,1,81,6,3,0,0,0.231,0.317,0.398,0.715,0.167,0.311,10.0,19.2,0.250,36.0,20.0,44.0,13.0
Brock Holt,9345,28,AL,BOS,OF,8,100,316,350,83,60,18,3,3,39,30,30,0,65,2,2,5,2,0.264,0.330,0.368,0.697,0.104,0.307,8.6,18.5,0.320,53.5,23.0,23.5,5.5
Bryce Harper,11579,24,NL,WAS,OF,4,145,508,612,139,81,28,2,28,89,90,97,15,120,3,4,10,5,0.273,0.390,0.500,0.890,0.227,0.375,15.8,19.6,0.305,40.5,20.5,39.0,18.0
Buster Posey,9166,29,NL,SF,C,3,144,537,603,161,113,30,2,17,73,83,56,7,70,3,8,2,0,0.300,0.364,0.455,0.820,0.156,0.350,9.3,11.6,0.315,46.5,21.5,32.0,11.0
Byron Buxton,14161,23,AL,MIN,OF,1,140,547,595,129,75,30,8,16,75,55,39,0,176,5,4,17,4,0.235,0.290,0.406,0.696,0.170,0.299,6.5,29.6,0.315,38.5,20.0,41.5,10.0
Byung-ho Park,18497,30,AL,MIN,1B,6,100,306,350,72,39,13,1,18,45,48,33,1,106,7,4,1,0,0.235,0.321,0.464,0.785,0.229,0.335,9.5,30.4,0.290,40.0,19.0,41.0,22.0
C.J. Cron,12546,27,AL,LAA,1B,5,115,400,431,106,66,21,2,18,49,62,23,1,83,5,4,2,2,0.266,0.311,0.458,0.769,0.192,0.327,5.3,19.2,0.293,41.0,20.0,39.0,14.0
Caleb Joseph,7087,30,AL,BAL,C,8,60,175,189,38,27,7,0,5,15,18,11,0,39,1,1,0,0,0.219,0.271,0.336,0.606,0.117,0.266,6.0,20.8,0.255,36.5,21.5,42.0,8.0
Cameron Maybin,5223,29,AL,LAA,OF,7,130,460,507,121,91,18,5,7,57,42,43,0,94,2,2,16,6,0.263,0.327,0.370,0.697,0.107,0.306,8.5,18.6,0.315,56.5,19.0,24.5,8.0
Cameron Rupp,11146,28,NL,PHI,C,7,105,368,399,87,50,22,1,13,34,46,26,0,106,4,2,1,1,0.237,0.292,0.413,0.705,0.176,0.304,6.4,26.6,0.295,44.0,20.0,36.0,14.2
Carlos Beltran,589,39,AL,HOU,OF,4,135,485,533,130,82,29,1,19,59,74,42,2,93,2,4,0,0,0.269,0.327,0.451,0.778,0.182,0.332,7.9,17.5,0.295,41.0,20.0,39.0,12.5
Carlos Correa,14162,22,AL,HOU,SS,3,153,588,666,165,104,36,3,22,85,90,70,4,129,4,4,14,4,0.281,0.359,0.464,0.823,0.183,0.352,10.6,19.4,0.325,49.0,22.0,29.0,16.2
Carlos Gomez,4881,31,AL,TEX,OF,1,140,537,588,134,85,30,2,18,75,60,42,1,149,8,1,22,7,0.250,0.313,0.415,0.728,0.164,0.315,7.1,25.4,0.313,43.5,20.0,36.5,13.0
Carlos Gonzalez,7287,31,NL,COL,OF,4,147,566,614,157,95,33,2,27,81,93,45,6,134,1,2,3,1,0.278,0.331,0.485,0.816,0.207,0.345,7.4,21.8,0.320,46.0,20.0,34.0,18.0
Carlos Perez,10642,26,AL,LAA,C,9,85,262,281,59,40,15,0,5,23,27,17,0,49,1,2,1,0,0.226,0.272,0.336,0.608,0.110,0.266,5.9,17.5,0.260,41.5,18.5,40.0,5.5
Carlos Ruiz,2579,38,AL,SEA,C,8,60,173,198,44,34,8,0,2,18,16,20,0,28,4,1,1,0,0.256,0.343,0.343,0.686,0.087,0.308,9.9,13.9,0.290,45.5,21.5,33.0,5.0
Carlos Sanchez,11602,24,AL,CHW,2B,9,60,147,156,35,24,8,1,3,15,14,6,0,35,1,1,1,1,0.236,0.271,0.350,0.621,0.114,0.269,4.0,22.3,0.290,46.0,22.0,32.0,7.0
Carlos Santana,2396,30,AL,CLE,1B,1,154,579,685,142,82,30,2,27,92,78,99,2,116,3,5,5,2,0.245,0.356,0.446,0.802,0.201,0.347,14.5,16.9,0.260,42.5,18.5,39.0,15.0
Cesar Hernandez,10556,26,NL,PHI,2B,1,150,568,630,155,122,20,7,6,75,38,58,1,120,2,2,17,9,0.272,0.341,0.362,0.702,0.089,0.310,9.2,19.0,0.335,55.0,24.0,21.0,6.0
Charlie Blackmon,7859,30,NL,COL,OF,1,150,608,668,179,121,32,5,22,98,69,43,3,105,12,4,22,9,0.295,0.351,0.470,0.821,0.175,0.351,6.4,15.8,0.325,38.0,25.0,37.0,11.5
Charlie Tilson,12983,24,AL,CHW,OF,9,80,289,312,77,60,10,4,3,37,23,21,0,49,1,1,11,5,0.266,0.317,0.359,0.676,0.093,0.296,6.6,15.6,0.310,55.0,19.0,26.0,5.0
Chase Headley,4720,32,AL,NYY,3B,8,142,479,540,118,84,21,1,12,57,50,51,1,122,6,3,6,3,0.247,0.325,0.371,0.696,0.124,0.306,9.5,22.7,0.305,45.0,23.0,32.0,10.5
Cheslor Cuthbert,10473,24,AL,KC,3B,8,60,211,228,55,36,12,1,6,23,23,16,0,40,0,1,1,0,0.259,0.310,0.401,0.711,0.142,0.308,6.9,17.6,0.295,47.0,18.0,35.0,9.3
Chris Carter,9911,30,AL,NYY,1B,5,100,274,320,60,29,12,0,18,40,47,40,1,100,3,3,1,1,0.220,0.323,0.467,0.790,0.247,0.337,12.5,31.4,0.265,31.5,20.0,48.5,21.5
Chris Davis,9272,31,AL,BAL,1B,4,157,566,659,132,69,24,0,39,91,98,81,5,210,8,4,1,1,0.233,0.336,0.481,0.817,0.248,0.347,12.3,31.8,0.290,34.5,22.5,43.0,25.0
Chris Herrmann,9284,29,NL,ARI,C,8,80,227,248,54,34,9,3,7,26,26,19,0,66,1,1,2,0,0.236,0.297,0.399,0.696,0.163,0.301,7.5,26.8,0.300,45.0,17.0,38.0,12.0
Chris Iannetta,8267,33,NL,ARI,C,8,95,253,295,56,35,13,0,8,27,30,38,2,74,1,2,0,0,0.222,0.324,0.369,0.693,0.147,0.305,12.8,25.2,0.278,39.0,20.0,41.0,11.0
Chris Owings,10030,25,NL,ARI,SS/OF,7,105,346,368,92,62,19,6,5,39,35,17,1,73,2,2,12,2,0.267,0.304,0.402,0.706,0.135,0.302,4.7,19.8,0.323,45.5,23.5,31.0,6.0
Chris Stewart,3878,35,NL,PIT,C,8,50,139,155,31,24,6,0,1,11,12,13,2,25,3,1,0,0,0.221,0.297,0.288,0.585,0.067,0.259,8.1,16.0,0.260,49.0,20.0,31.0,3.0
Chris Young,3882,33,AL,BOS,OF,6,85,245,272,61,33,17,0,10,32,32,23,0,58,3,2,3,1,0.249,0.319,0.444,0.763,0.196,0.328,8.5,21.4,0.285,31.0,20.0,49.0,11.0
Christian Bethancourt,10028,25,NL,SD,C,7,85,259,272,57,38,13,0,6,23,26,11,0,70,0,1,2,2,0.220,0.252,0.342,0.593,0.122,0.257,4.2,25.6,0.275,49.0,18.0,33.0,10.0
Christian Colon,11145,27,AL,KC,SS,9,75,220,240,55,42,10,0,2,24,19,17,0,37,2,1,2,1,0.248,0.305,0.324,0.629,0.076,0.279,7.0,15.6,0.290,49.0,22.0,29.0,3.5
Christian Vazquez,9774,26,AL,BOS,C,9,75,234,255,55,40,12,0,3,25,21,18,0,52,1,2,0,0,0.236,0.293,0.327,0.620,0.091,0.274,7.1,20.4,0.290,54.0,21.0,25.0,6.0
Christian Walker,13419,25,NL,CIN,OF,8,15,37,41,9,5,2,0,1,4,4,3,0,11,0,0,0,0,0.232,0.288,0.384,0.672,0.153,0.291,6.8,28.3,0.300,42.0,20.0,38.0,12.0
Christian Yelich,11477,25,NL,MIA,OF,3,150,564,638,163,113,34,3,13,78,72,67,3,132,3,3,11,4,0.289,0.366,0.430,0.796,0.141,0.346,10.5,20.7,0.355,58.5,22.5,19.0,16.0
Clint Frazier,sa737437,22,AL,NYY,OF,9,30,69,75,16,10,3,1,2,8,7,5,0,22,1,0,1,0,0.227,0.286,0.384,0.670,0.157,0.290,7.2,29.4,0.300,43.0,20.0,37.0,12.0
Cody Asche,11997,26,AL,CHW,OF,6,100,302,330,71,42,19,1,8,33,33,24,0,80,3,1,2,1,0.234,0.295,0.387,0.682,0.153,0.296,7.3,24.3,0.290,40.0,22.0,38.0,10.0
Colby Rasmus,9893,30,AL,TB,OF,6,115,376,420,81,47,17,1,16,45,47,40,0,128,1,2,2,1,0.215,0.291,0.390,0.681,0.175,0.296,9.5,30.5,0.278,36.0,21.0,43.0,14.5
Conor Gillaspie,9009,29,NL,SF,3B,8,80,224,240,56,36,11,4,5,23,25,14,2,37,1,2,0,1,0.252,0.297,0.410,0.707,0.158,0.299,5.7,15.6,0.280,40.0,22.0,38.0,7.5
Corey Dickerson,10762,27,AL,TB,OF,1,145,535,573,132,70,36,3,23,69,69,33,5,139,1,3,1,1,0.247,0.291,0.455,0.746,0.208,0.314,5.8,24.2,0.290,40.0,20.0,40.0,14.5
Corey Seager,13624,22,NL,LAD,SS,2,155,621,682,184,116,39,5,24,99,77,55,4,128,5,2,4,2,0.297,0.357,0.491,0.847,0.194,0.361,8.0,18.7,0.340,47.0,23.0,30.0,16.0
Cory Spangenberg,12294,26,NL,SD,2B,6,100,304,330,78,55,14,5,4,34,26,24,0,73,1,1,9,4,0.258,0.313,0.379,0.691,0.121,0.301,7.2,22.0,0.325,53.0,22.0,25.0,7.0
Curt Casali,12510,28,AL,TB,C,9,25,67,75,13,8,3,0,2,7,7,7,0,22,1,0,0,0,0.197,0.278,0.344,0.622,0.147,0.275,9.1,29.6,0.255,39.5,18.5,42.0,12.0
Curtis Granderson,4747,36,NL,NYM,OF,1,145,524,606,125,75,25,3,23,81,64,72,2,133,6,4,4,2,0.239,0.336,0.430,0.765,0.190,0.331,11.9,22.0,0.275,34.0,22.5,43.5,13.5
Dan Vogelbach,14130,24,AL,SEA,1B,7,60,185,210,47,31,9,0,7,23,22,23,0,46,1,1,0,0,0.252,0.334,0.410,0.744,0.158,0.325,10.8,22.1,0.300,45.0,19.0,36.0,13.0
Daniel Murphy,4316,31,NL,WAS,1B/2B,3,140,539,581,166,105,39,3,20,76,90,33,6,65,2,6,3,2,0.309,0.348,0.502,0.850,0.193,0.357,5.7,11.2,0.318,40.0,22.0,38.0,11.0
Danny Espinosa,9219,29,AL,LAA,SS,6,140,502,553,111,71,21,1,18,57,58,38,0,157,10,3,7,2,0.221,0.287,0.375,0.662,0.154,0.289,6.8,28.4,0.282,43.5,18.5,38.0,13.5
Danny Santana,10322,26,AL,MIN,OF,9,60,160,168,41,30,7,2,2,20,12,7,0,40,1,0,6,3,0.255,0.291,0.354,0.644,0.098,0.280,4.3,23.6,0.330,52.0,22.0,26.0,5.0
Danny Valencia,6364,32,AL,SEA,3B/OF,7,130,441,481,114,75,24,1,14,51,52,35,0,106,2,2,1,1,0.258,0.314,0.412,0.726,0.154,0.314,7.3,22.0,0.308,45.5,22.5,32.0,13.0
Dansby Swanson,18314,23,NL,ATL,SS,2,145,553,609,150,100,32,5,13,77,59,49,2,129,3,4,10,2,0.271,0.332,0.415,0.747,0.144,0.322,8.1,21.2,0.330,47.0,22.0,31.0,9.7
Darwin Barney,2430,31,AL,TOR,2B/SS/3B,9,95,256,276,65,48,12,2,4,31,21,17,0,40,2,2,1,1,0.253,0.302,0.357,0.658,0.104,0.288,6.0,14.4,0.285,48.0,20.0,32.0,5.5
David Dahl,13744,22,NL,COL,OF,6,122,453,488,122,75,27,6,14,58,55,32,0,117,1,2,10,3,0.269,0.318,0.446,0.763,0.177,0.327,6.6,23.9,0.333,45.0,21.0,34.0,12.0
David Freese,9549,33,NL,PIT,1B/3B,6,140,491,546,125,86,27,0,12,55,55,43,0,138,10,3,0,0,0.255,0.325,0.381,0.707,0.126,0.310,7.8,25.2,0.330,55.5,20.5,24.0,13.5
David Peralta,2136,29,NL,ARI,OF,4,145,523,566,142,91,26,10,15,62,73,33,3,119,4,5,5,2,0.272,0.317,0.445,0.763,0.174,0.324,5.9,21.0,0.323,50.5,21.0,28.5,12.5
David Wright,3787,34,NL,NYM,3B,2,80,307,352,81,53,17,0,11,44,37,42,0,83,1,2,4,2,0.263,0.351,0.423,0.774,0.160,0.338,11.8,23.6,0.325,37.0,23.0,40.0,12.0
Dee Gordon,8203,28,NL,MIA,2B,1,145,600,638,161,127,21,10,3,81,34,33,1,104,2,3,51,15,0.269,0.308,0.351,0.659,0.082,0.287,5.2,16.3,0.320,59.0,20.5,20.5,2.5
Delino Deshields,11379,24,AL,TEX,OF,9,75,182,203,41,29,8,2,2,25,15,18,0,49,1,1,10,3,0.225,0.298,0.325,0.623,0.100,0.277,8.8,24.4,0.295,51.0,19.0,30.0,5.5
Denard Span,8347,33,NL,SF,OF,1,135,515,567,144,104,29,4,7,71,40,46,0,65,3,3,11,4,0.279,0.341,0.390,0.731,0.111,0.320,8.2,11.5,0.308,53.0,22.5,24.5,6.0
Derek Dietrich,10542,27,NL,MIA,2B,6,110,312,358,79,48,17,3,11,42,42,27,1,75,14,4,1,0,0.254,0.338,0.433,0.771,0.179,0.333,7.6,20.9,0.298,41.0,20.5,38.5,11.5
Derek Norris,6867,28,AL,TB,C,9,90,300,333,69,44,16,0,10,36,35,29,4,85,3,1,3,1,0.230,0.303,0.378,0.681,0.148,0.293,8.8,25.6,0.288,39.0,20.0,41.0,10.8
Desmond Jennings,1965,30,NL,CIN,OF,6,90,284,315,69,49,12,1,7,33,31,27,0,67,3,1,5,2,0.244,0.315,0.372,0.687,0.127,0.302,8.6,21.4,0.295,47.5,17.5,35.0,9.5
Devin Mesoraco,5666,28,NL,CIN,C,7,90,288,324,71,45,14,0,12,32,38,29,2,67,5,2,0,1,0.246,0.323,0.417,0.740,0.171,0.319,8.8,20.6,0.280,43.0,20.0,37.0,14.0
Devon Travis,13862,26,AL,TOR,2B,1,135,544,587,148,95,35,2,16,75,60,39,0,111,2,2,6,2,0.271,0.322,0.428,0.750,0.157,0.323,6.7,18.9,0.315,47.5,20.0,32.5,11.0
Dexter Fowler,4062,31,NL,STL,OF,1,135,509,594,130,85,25,6,13,83,47,77,0,132,6,3,11,4,0.256,0.358,0.409,0.768,0.153,0.337,12.9,22.3,0.320,43.0,22.0,35.0,10.0
Didi Gregorius,6012,27,AL,NYY,SS,7,128,463,499,122,84,24,2,12,55,53,26,0,72,6,4,5,1,0.264,0.309,0.404,0.713,0.140,0.308,5.2,14.5,0.287,41.0,20.0,39.0,8.0
DJ LeMahieu,9874,28,NL,COL,2B,2,148,584,644,177,135,28,6,9,90,58,54,1,98,2,4,12,6,0.304,0.363,0.417,0.780,0.114,0.339,8.4,15.2,0.350,54.0,24.5,21.5,8.5
Domingo Santana,10348,24,NL,MIL,OF,5,130,456,520,113,67,25,2,20,62,63,58,0,155,4,3,4,3,0.249,0.337,0.441,0.778,0.192,0.337,11.1,29.9,0.330,46.0,24.0,30.0,22.0
Drew Butera,3411,33,AL,KC,C,9,55,117,127,25,18,5,0,2,11,10,8,0,30,1,1,0,0,0.212,0.267,0.309,0.575,0.097,0.254,6.2,23.8,0.265,38.0,21.0,41.0,6.0
Dustin Pedroia,8370,33,AL,BOS,2B,1,150,619,683,177,128,36,1,11,88,63,58,0,78,1,4,6,3,0.285,0.346,0.402,0.748,0.116,0.327,8.5,11.4,0.310,50.5,21.5,28.0,7.3
Eddie Rosario,12155,25,AL,MIN,OF,8,120,436,456,109,70,21,5,13,47,46,16,0,113,1,3,7,3,0.250,0.276,0.408,0.684,0.158,0.291,3.4,24.7,0.307,43.0,20.0,37.0,10.5
Eduardo Escobar,6153,28,AL,MIN,SS/3B,8,90,286,306,71,47,17,1,6,31,31,17,0,60,1,2,1,1,0.250,0.293,0.386,0.680,0.137,0.294,5.6,19.5,0.293,41.0,21.0,38.0,7.5
Eduardo Nunez,6848,29,NL,SF,SS/3B,6,130,481,514,130,91,22,5,12,56,56,25,2,78,3,3,23,7,0.269,0.308,0.410,0.718,0.141,0.308,4.9,15.2,0.298,50.0,17.0,33.0,9.0
Edwin Encarnacion,2151,34,AL,CLE,1B,4,147,538,628,139,76,30,0,33,84,105,78,4,115,5,6,1,0,0.258,0.353,0.498,0.851,0.240,0.361,12.4,18.4,0.267,37.0,19.0,44.0,17.5
Elvis Andrus,8709,28,AL,TEX,SS,8,150,522,573,145,106,30,3,7,67,55,43,1,73,3,6,21,8,0.279,0.333,0.387,0.720,0.108,0.314,7.5,12.8,0.310,50.5,21.5,28.0,5.3
Ender Inciarte,4922,26,NL,ATL,OF,1,140,575,623,167,129,27,6,6,85,41,42,1,72,4,2,20,8,0.291,0.342,0.388,0.731,0.097,0.319,6.7,11.5,0.323,51.0,23.0,26.0,4.5
Eric Hosmer,3516,27,AL,KC,1B,4,156,594,655,160,106,32,1,20,76,85,54,5,121,3,4,5,3,0.269,0.331,0.429,0.760,0.160,0.326,8.3,18.4,0.305,54.5,19.0,26.5,16.0
Eric Thames,3711,30,NL,MIL,1B,4,135,486,547,130,74,29,3,24,71,80,53,3,130,4,4,7,2,0.267,0.341,0.486,0.827,0.219,0.351,9.7,23.8,0.315,43.0,20.0,37.0,18.0
Erick Aybar,4082,33,NL,SD,SS,8,110,365,396,94,71,18,2,3,35,33,25,5,56,3,3,4,2,0.258,0.309,0.345,0.654,0.087,0.282,6.3,14.2,0.295,53.5,20.5,26.0,4.0
Eugenio Suarez,12552,25,NL,CIN,3B,6,155,569,628,141,92,26,2,20,69,69,48,0,149,7,3,8,4,0.248,0.314,0.408,0.722,0.160,0.313,7.7,23.8,0.301,40.0,21.5,38.5,12.3
Evan Gattis,11003,30,AL,HOU,C,5,100,347,380,85,50,16,0,20,42,54,27,2,90,3,3,0,0,0.246,0.303,0.461,0.764,0.216,0.323,7.2,23.8,0.273,42.0,17.0,41.0,18.5
Evan Longoria,9368,31,AL,TB,3B,3,155,603,663,161,95,34,2,29,79,92,49,6,135,4,7,2,1,0.266,0.323,0.475,0.798,0.209,0.336,7.4,20.4,0.295,37.0,20.5,42.5,14.5
Ezequiel Carrera,9048,29,AL,TOR,OF,9,110,300,330,73,55,12,2,5,44,27,24,0,73,3,2,7,3,0.244,0.306,0.345,0.651,0.101,0.287,7.4,22.2,0.305,57.0,17.0,26.0,8.5
Francisco Cervelli,5275,31,NL,PIT,C,7,105,353,404,93,72,16,1,4,41,34,43,1,76,6,2,2,1,0.263,0.351,0.350,0.701,0.087,0.313,10.6,18.8,0.323,52.5,21.0,26.5,5.5
Francisco Lindor,12916,23,AL,CLE,SS,3,155,610,674,179,128,32,4,14,85,79,50,0,92,3,11,17,4,0.293,0.344,0.430,0.774,0.136,0.333,7.4,13.7,0.320,50.0,21.5,28.5,9.5
Franklin Barreto,sa739765,21,AL,OAK,SS,9,30,84,90,20,14,5,0,2,10,8,5,0,21,1,0,2,1,0.244,0.293,0.371,0.663,0.127,0.288,5.6,23.4,0.305,48.0,22.0,30.0,9.0
Franklin Gutierrez,3255,34,NL,LAD,OF,5,80,229,256,56,34,11,0,11,27,33,23,0,72,3,2,1,0,0.244,0.317,0.430,0.746,0.186,0.322,8.9,28.3,0.306,45.0,20.0,35.0,19.0
Freddie Freeman,5361,27,NL,ATL,1B,3,155,583,674,167,94,40,4,30,93,94,79,9,154,9,4,4,1,0.287,0.379,0.522,0.901,0.235,0.380,11.7,22.8,0.342,34.0,28.0,38.0,18.0
Freddy Galvis,6609,27,NL,PHI,SS,8,100,360,385,88,63,14,3,8,37,36,20,4,81,2,3,7,2,0.246,0.288,0.370,0.657,0.124,0.281,5.3,21.1,0.293,41.0,21.5,37.5,8.0
Gary Sanchez,11442,24,AL,NYY,C,3,125,479,531,128,75,28,0,24,63,79,44,3,112,4,4,3,1,0.266,0.330,0.476,0.806,0.209,0.342,8.2,21.1,0.298,45.0,19.0,36.0,18.0
George Springer,12856,27,AL,HOU,OF,1,152,594,687,155,97,28,4,26,103,75,78,1,168,11,3,13,7,0.261,0.357,0.454,0.811,0.193,0.351,11.4,24.5,0.320,47.5,20.5,32.0,19.3
Geovany Soto,3707,34,AL,CHW,C,7,75,240,263,58,34,13,0,11,28,30,22,0,66,1,0,0,0,0.242,0.307,0.433,0.741,0.192,0.319,8.4,25.3,0.290,41.0,21.0,38.0,16.5
Gerardo Parra,8553,29,NL,COL,OF,6,103,320,340,87,56,22,3,6,37,36,16,1,60,2,2,5,3,0.272,0.308,0.419,0.727,0.147,0.311,4.7,17.6,0.315,53.0,21.0,26.0,9.5
Giancarlo Stanton,4949,27,NL,MIA,OF,4,130,478,546,124,63,25,1,35,72,93,62,8,159,4,3,2,1,0.259,0.346,0.533,0.879,0.275,0.367,11.3,29.2,0.310,38.5,19.0,42.5,25.5
Giovanny Urshela,10681,25,AL,CLE,3B,9,60,171,180,43,30,8,1,5,18,19,8,0,31,1,1,0,0,0.252,0.285,0.392,0.677,0.140,0.291,4.2,17.2,0.280,42.0,23.0,35.0,10.0
Gleyber Torres,sa830372,20,AL,NYY,SS,9,30,69,75,17,12,3,1,1,8,6,6,0,18,0,0,1,1,0.239,0.296,0.345,0.641,0.106,0.282,7.6,24.6,0.310,50.0,20.0,30.0,7.0
Gorkys Hernandez,4146,29,NL,SF,OF,8,80,219,240,56,40,10,1,4,26,21,18,1,49,2,1,5,2,0.256,0.315,0.370,0.685,0.114,0.298,7.5,20.4,0.310,50.0,20.0,30.0,8.0
Greg Bird,14131,24,AL,NYY,1B,5,130,426,481,110,62,24,0,24,61,70,48,1,118,3,3,0,0,0.258,0.336,0.483,0.818,0.225,0.349,10.0,24.6,0.300,34.0,21.0,45.0,17.0
Gregory Polanco,12907,25,NL,PIT,OF,5,150,558,615,147,91,34,5,18,76,78,53,5,119,0,4,20,7,0.264,0.325,0.437,0.762,0.173,0.325,8.6,19.4,0.305,42.5,21.5,36.0,11.0
Guillermo Heredia,18721,26,AL,SEA,OF,9,85,225,255,59,47,8,1,2,29,19,23,0,34,4,3,3,2,0.261,0.339,0.339,0.677,0.078,0.303,9.2,13.4,0.295,48.5,20.5,31.0,4.0
Hanley Ramirez,8001,33,AL,BOS,1B,5,140,521,582,145,92,29,1,23,75,83,52,3,108,6,4,8,3,0.278,0.348,0.470,0.818,0.192,0.350,8.9,18.6,0.310,46.5,20.0,33.5,16.5
Hernan Perez,5751,26,NL,MIL,3B/OF,6,110,363,385,95,65,19,3,8,40,40,19,1,80,1,3,19,5,0.261,0.297,0.394,0.691,0.134,0.296,4.9,20.8,0.312,43.5,21.0,35.5,8.0
Howie Kendrick,4229,33,NL,PHI,2B/OF,2,140,534,581,153,113,27,3,10,72,51,42,2,100,3,2,9,3,0.286,0.340,0.402,0.742,0.116,0.323,7.3,17.2,0.335,59.0,20.5,20.5,11.0
Hunter Pence,8252,33,NL,SF,OF,4,140,530,581,138,88,30,2,18,68,77,46,1,127,2,3,3,2,0.261,0.321,0.425,0.745,0.164,0.321,8.0,21.8,0.310,52.5,17.0,30.5,14.3
Hunter Renfroe,15464,25,NL,SD,OF,5,140,514,546,131,79,29,3,20,60,71,26,0,128,3,4,4,2,0.254,0.291,0.435,0.727,0.182,0.310,4.7,23.5,0.300,45.0,19.0,36.0,14.0
Hyun Soo Kim,18718,29,AL,BAL,OF,1,115,414,472,112,79,22,1,10,60,44,51,0,71,5,2,3,3,0.271,0.356,0.403,0.759,0.132,0.334,10.8,15.0,0.305,50.0,21.0,29.0,10.0
Ian Desmond,6885,31,NL,COL,OF,5,125,475,519,132,89,24,3,17,64,67,37,1,116,4,3,13,4,0.278,0.334,0.446,0.781,0.168,0.335,7.2,22.4,0.335,49.5,20.5,30.0,15.5
Ian Kinsler,6195,34,AL,DET,2B,1,152,621,676,171,113,35,4,19,96,75,44,0,97,7,4,12,5,0.275,0.328,0.436,0.764,0.161,0.329,6.5,14.4,0.298,35.0,22.0,43.0,8.5
Ichiro Suzuki,1101,43,NL,MIA,OF,6,100,249,270,67,54,10,3,1,30,16,19,1,33,1,1,5,1,0.269,0.320,0.341,0.662,0.073,0.291,6.9,12.4,0.305,55.5,21.0,23.5,2.0
J.D. Martinez,6184,29,AL,DET,OF,5,100,378,420,106,61,24,2,20,54,60,35,1,108,3,4,1,1,0.280,0.343,0.508,0.851,0.228,0.361,8.4,25.7,0.340,41.5,21.5,37.0,19.3
J.J. Hardy,3797,34,AL,BAL,SS,9,120,426,456,107,75,21,0,10,47,49,26,1,76,0,4,0,0,0.250,0.290,0.372,0.662,0.122,0.286,5.6,16.6,0.280,45.0,18.0,37.0,7.8
J.P. Crawford,sa737507,22,NL,PHI,SS,8,90,311,347,75,55,14,1,5,35,28,33,3,65,1,1,5,2,0.242,0.317,0.344,0.661,0.102,0.290,9.6,18.8,0.290,45.0,20.0,35.0,6.0
J.T. Realmuto,11739,26,NL,MIA,C,7,130,460,494,125,87,26,2,10,49,52,27,1,87,3,3,8,3,0.272,0.315,0.405,0.719,0.133,0.310,5.5,17.6,0.313,47.0,21.0,32.0,8.6
Jace Peterson,12325,26,NL,ATL,2B,7,110,340,385,86,63,16,2,5,40,33,41,1,70,2,2,5,4,0.253,0.335,0.361,0.696,0.108,0.308,10.7,18.3,0.303,53.0,20.0,27.0,7.5
Jackie Bradley Jr.,12984,26,AL,BOS,OF,6,150,542,615,139,78,32,6,23,80,77,60,3,144,8,5,8,2,0.256,0.336,0.464,0.800,0.208,0.341,9.8,23.4,0.305,46.5,18.0,35.5,16.0
Jacoby Ellsbury,4727,33,AL,NYY,OF,2,135,523,574,139,102,24,4,9,67,53,45,1,84,3,3,20,7,0.266,0.325,0.378,0.703,0.112,0.307,7.8,14.6,0.300,47.0,21.5,31.5,6.4
JaCoby Jones,14818,24,AL,DET,3B,9,40,106,116,2,-6,5,1,2,5,10,8,0,35,1,1,1,0,0.020,0.094,0.144,0.238,0.124,0.111,6.8,30.6,0.000,46.0,21.0,33.0,9.0
Jae-gyun Hwang,9999,29,NL,SF,3B,7,75,193,210,51,33,10,1,7,24,24,14,0,45,1,1,4,2,0.264,0.316,0.430,0.746,0.166,0.321,6.8,21.4,0.310,46.0,20.0,34.0,13.0
Jake Lamb,13329,26,NL,ARI,3B,2,155,563,636,144,79,31,8,26,87,80,65,5,161,3,5,6,2,0.255,0.333,0.474,0.807,0.219,0.342,10.3,25.3,0.310,46.0,19.0,35.0,18.0
Jake Marisnick,11339,25,AL,HOU,OF,9,110,308,330,70,44,16,2,8,39,32,17,0,90,3,2,10,4,0.228,0.273,0.371,0.644,0.142,0.278,5.0,27.2,0.293,43.0,20.0,37.0,10.0
Jake Smolinski,5408,28,AL,OAK,OF,7,30,88,96,22,15,4,0,2,10,9,6,0,17,1,1,0,0,0.248,0.305,0.382,0.687,0.134,0.299,6.5,17.5,0.280,43.0,20.5,36.5,9.0
James McCann,12859,26,AL,DET,C,8,110,374,402,91,63,15,1,11,34,42,22,0,99,3,2,1,1,0.242,0.288,0.379,0.668,0.137,0.289,5.6,24.6,0.298,43.0,20.0,37.0,11.0
Jarrett Parker,11624,28,NL,SF,OF,8,107,311,353,74,48,15,3,9,40,31,37,2,102,5,1,4,2,0.237,0.326,0.386,0.712,0.149,0.311,10.4,28.8,0.323,48.0,20.0,32.0,13.0
Jarrod Dyson,4866,32,AL,SEA,OF,1,130,404,442,108,82,16,6,2,58,28,32,0,62,4,2,35,9,0.266,0.325,0.356,0.681,0.090,0.300,7.3,14.1,0.308,57.0,19.0,24.0,3.0
Jarrod Saltalamacchia,5557,31,AL,TOR,C,6,50,131,150,27,14,7,0,6,16,17,17,0,50,1,1,0,0,0.203,0.296,0.391,0.688,0.189,0.300,11.5,33.1,0.270,34.0,21.0,45.0,16.0
Jason Castro,8722,29,AL,MIN,C,9,115,361,406,78,47,18,2,11,42,37,41,0,124,2,2,1,0,0.217,0.298,0.370,0.669,0.153,0.293,10.1,30.5,0.295,42.5,22.0,35.5,13.0
Jason Heyward,4940,27,NL,CHC,OF,6,148,542,607,141,97,29,2,14,69,63,58,2,93,4,2,11,4,0.260,0.335,0.395,0.730,0.135,0.319,9.6,15.3,0.290,46.5,20.0,33.5,9.2
Jason Kipnis,9776,29,AL,CLE,2B,2,120,476,530,130,82,32,3,13,68,56,46,1,101,4,4,12,3,0.274,0.340,0.436,0.776,0.163,0.334,8.6,19.1,0.320,43.5,23.5,33.0,10.5
Javier Baez,12979,24,NL,CHC,2B/SS/3B,6,130,413,442,101,64,21,1,15,47,53,20,2,112,7,2,10,3,0.246,0.292,0.414,0.707,0.168,0.302,4.6,25.4,0.300,42.5,19.5,38.0,13.5
Jay Bruce,9892,29,NL,NYM,OF,4,135,490,540,117,64,26,3,23,62,80,44,6,122,2,5,4,2,0.239,0.302,0.447,0.748,0.208,0.315,8.1,22.5,0.269,38.5,20.5,41.0,15.0
Jayson Werth,1327,37,NL,WAS,OF,6,130,456,527,115,73,24,1,17,66,62,62,2,115,4,5,3,1,0.252,0.343,0.420,0.764,0.168,0.332,11.7,21.8,0.298,39.0,20.0,41.0,12.0
Jean Segura,5933,27,AL,SEA,2B/SS,2,147,598,639,164,120,27,5,12,79,58,33,0,92,6,2,25,8,0.275,0.319,0.396,0.714,0.121,0.310,5.2,14.4,0.307,55.5,18.5,26.0,9.0
Jed Lowrie,4418,32,AL,OAK,2B,2,130,489,540,124,93,22,2,7,56,46,43,0,92,2,5,0,0,0.253,0.314,0.350,0.663,0.097,0.292,8.0,17.0,0.295,42.0,22.0,36.0,5.0
Jedd Gyorko,10816,28,NL,STL,2B/SS/3B,6,125,409,450,99,65,15,1,18,47,56,35,1,104,3,3,0,0,0.243,0.305,0.415,0.720,0.173,0.310,7.7,23.0,0.280,42.0,20.5,37.5,15.5
Jefry Marte,5107,25,AL,LAA,1B/3B/OF,7,60,164,180,40,24,9,0,7,20,22,13,0,39,2,2,1,1,0.242,0.302,0.420,0.722,0.177,0.310,7.2,21.4,0.275,45.0,18.0,37.0,14.0
Jesus Aguilar,11342,26,NL,MIL,1B,6,60,164,180,38,24,8,0,6,16,21,14,0,45,1,1,0,0,0.231,0.293,0.393,0.686,0.162,0.297,7.6,24.8,0.278,45.0,20.0,35.0,14.5
Jett Bandy,12508,27,NL,MIL,C,8,100,293,320,69,43,15,0,10,32,38,18,2,62,6,3,1,1,0.234,0.288,0.391,0.680,0.158,0.292,5.6,19.3,0.260,33.0,21.0,46.0,9.5
Jhonny Peralta,1738,34,NL,STL,3B,6,130,471,514,126,84,27,1,14,53,58,37,1,91,3,3,1,2,0.267,0.321,0.415,0.736,0.148,0.318,7.2,17.7,0.303,41.0,23.5,35.5,10.0
Joc Pederson,11899,24,NL,LAD,OF,6,145,469,551,110,58,25,1,26,69,70,74,3,155,6,2,6,3,0.233,0.343,0.454,0.797,0.221,0.343,13.4,28.1,0.288,40.5,19.0,40.5,20.0
Joe Mauer,1857,33,AL,MIN,1B,3,135,501,574,139,101,26,3,9,66,55,69,9,96,1,3,2,0,0.277,0.365,0.396,0.761,0.119,0.330,12.1,16.7,0.325,53.0,25.0,22.0,10.5
Joe Panik,11936,26,NL,SF,2B,7,140,489,546,138,97,26,5,10,65,59,49,4,54,4,4,4,1,0.283,0.350,0.419,0.770,0.137,0.332,9.0,9.9,0.298,45.5,20.5,34.0,7.0
Joey Gallo,14128,23,AL,TEX,3B,8,45,142,162,31,16,6,1,8,21,20,18,1,62,1,1,1,0,0.220,0.312,0.445,0.757,0.225,0.323,11.4,38.4,0.320,37.0,23.0,40.0,25.0
Joey Rickard,13277,25,AL,BAL,OF,1,75,245,270,63,45,12,1,4,31,23,21,0,50,2,2,4,1,0.257,0.319,0.368,0.687,0.111,0.301,7.8,18.4,0.305,44.0,21.0,35.0,6.0
Joey Votto,4314,33,NL,CIN,1B,3,155,548,671,168,108,34,2,25,94,83,114,14,123,5,4,6,2,0.307,0.428,0.513,0.941,0.205,0.399,17.0,18.4,0.355,42.0,26.5,31.5,18.5
John Jaso,5887,33,NL,PIT,1B,2,80,217,248,56,37,14,1,4,26,23,27,0,44,2,1,1,1,0.259,0.345,0.395,0.740,0.137,0.325,10.8,17.8,0.305,50.5,21.5,28.0,9.0
John Ryan Murphy,10346,25,AL,MIN,C,9,60,153,165,36,25,7,0,4,15,16,10,0,37,1,1,0,0,0.236,0.283,0.354,0.636,0.118,0.277,6.0,22.2,0.285,42.0,20.0,38.0,8.0
Jon Jay,5227,32,NL,CHC,OF,8,110,390,429,107,84,19,2,3,43,33,28,4,79,8,3,2,1,0.274,0.333,0.350,0.683,0.076,0.299,6.5,18.4,0.335,55.5,23.5,21.0,4.0
Jonathan Lucroy,7870,30,AL,TEX,C,6,135,472,524,133,90,25,2,16,61,62,46,2,88,2,4,2,1,0.282,0.346,0.449,0.795,0.166,0.341,8.8,16.8,0.315,40.5,23.0,36.5,11.5
Jonathan Schoop,11265,25,AL,BAL,2B,7,155,572,605,142,87,32,1,23,65,74,22,1,140,8,3,2,1,0.249,0.285,0.427,0.712,0.178,0.303,3.7,23.1,0.290,45.0,19.0,36.0,14.5
Jonathan Villar,10071,25,NL,MIL,SS/3B,1,150,575,648,150,99,35,3,13,85,52,67,1,158,2,4,48,14,0.260,0.338,0.401,0.738,0.140,0.322,10.3,24.4,0.335,56.0,20.0,24.0,13.0
Jordy Mercer,6547,30,NL,PIT,SS,8,130,443,488,113,81,22,2,8,47,47,38,7,75,3,3,2,1,0.255,0.317,0.366,0.683,0.111,0.294,7.8,15.4,0.290,48.0,20.5,31.5,6.5
Jorge Polanco,13152,23,AL,MIN,SS,7,130,474,514,126,88,24,6,8,53,49,33,0,85,2,4,7,5,0.265,0.313,0.394,0.707,0.129,0.306,6.5,16.6,0.305,40.0,24.0,36.0,6.0
Jorge Soler,14221,25,AL,KC,OF,7,140,490,553,123,76,24,1,21,64,66,53,0,139,5,6,2,1,0.251,0.327,0.436,0.763,0.184,0.329,9.6,25.2,0.305,42.0,20.0,38.0,15.5
Jose Abreu,15676,30,AL,CHW,1B,3,155,607,674,172,108,34,1,29,80,99,49,8,130,13,5,1,1,0.283,0.347,0.485,0.832,0.203,0.352,7.2,19.3,0.315,46.0,21.5,32.5,18.5
Jose Altuve,5417,26,AL,HOU,2B,2,157,637,700,200,137,41,4,18,97,79,50,7,71,6,6,30,10,0.314,0.367,0.477,0.843,0.163,0.359,7.2,10.2,0.328,46.0,22.0,32.0,10.0
Jose Bautista,1887,36,AL,TOR,OF,3,135,493,591,122,68,26,1,27,81,85,89,2,102,4,5,3,2,0.248,0.365,0.469,0.834,0.222,0.359,15.1,17.2,0.258,40.0,17.0,43.0,15.8
Jose Iglesias,10231,27,AL,DET,SS,9,140,489,526,132,102,24,2,4,56,40,27,0,54,7,3,7,5,0.270,0.316,0.351,0.667,0.081,0.293,5.2,10.2,0.295,54.5,20.0,25.5,3.5
Jose Lobaton,4243,32,NL,WAS,C,8,50,134,150,31,23,5,0,3,13,13,14,1,32,1,1,0,0,0.232,0.306,0.340,0.646,0.108,0.284,9.2,21.6,0.280,46.0,21.0,33.0,9.5
Jose Peraza,13593,22,NL,CIN,SS/OF,8,140,511,539,148,117,18,5,7,58,49,19,1,67,4,4,37,15,0.289,0.318,0.386,0.704,0.097,0.304,3.6,12.4,0.318,46.0,23.0,31.0,5.3
Jose Ramirez,13510,24,AL,CLE,3B/OF,6,150,563,615,160,107,38,4,11,74,65,45,0,66,3,4,20,7,0.283,0.338,0.424,0.761,0.140,0.329,7.3,10.8,0.303,42.5,21.5,36.0,6.3
Jose Reyes,1736,33,NL,NYM,3B,1,100,409,445,108,76,21,3,7,58,33,33,0,69,0,2,13,4,0.263,0.317,0.383,0.700,0.120,0.305,7.5,15.4,0.300,41.5,21.5,37.0,5.5
Josh Bell,13145,24,NL,PIT,1B,2,130,461,520,127,89,24,2,12,65,55,53,0,76,2,3,2,2,0.275,0.350,0.414,0.764,0.139,0.334,10.2,14.7,0.305,49.0,21.0,30.0,10.5
Josh Donaldson,5038,31,AL,TOR,3B,2,153,587,684,164,93,34,3,35,109,97,85,5,125,7,5,6,1,0.280,0.375,0.523,0.898,0.244,0.380,12.4,18.3,0.300,41.0,20.0,39.0,19.0
Josh Harrison,8202,29,NL,PIT,2B,1,135,523,554,145,103,31,5,6,66,44,21,0,85,6,4,15,6,0.277,0.310,0.393,0.703,0.116,0.304,3.8,15.3,0.318,41.5,22.0,36.5,4.0
Josh Phegley,9308,29,AL,OAK,C,9,50,155,168,38,22,10,1,5,18,20,9,0,32,2,1,0,0,0.243,0.292,0.410,0.702,0.167,0.302,5.6,19.3,0.275,37.5,20.5,42.0,9.5
Josh Reddick,3892,30,AL,HOU,OF,7,125,433,475,115,79,20,1,15,56,55,39,1,66,1,2,7,2,0.266,0.327,0.422,0.749,0.156,0.323,8.3,13.8,0.283,39.0,20.5,40.5,10.0
Jung Ho Kang,17182,29,NL,PIT,3B,6,50,174,200,46,28,10,0,7,23,25,19,1,42,7,1,1,1,0.266,0.358,0.457,0.816,0.191,0.353,9.4,21.0,0.310,43.5,21.5,35.0,16.0
Jurickson Profar,10815,24,AL,TEX,3B,9,135,423,473,105,76,16,3,9,55,42,43,0,90,4,3,4,2,0.248,0.321,0.369,0.690,0.120,0.304,9.0,19.0,0.293,49.0,20.0,31.0,9.0
Justin Bour,9744,28,NL,MIA,1B,6,130,430,481,111,71,20,0,20,50,65,47,7,93,2,2,0,0,0.259,0.333,0.448,0.781,0.188,0.331,9.8,19.3,0.285,46.5,19.0,34.5,17.5
Justin Smoak,9054,30,AL,TOR,1B,7,130,404,455,93,55,18,0,19,48,53,46,0,127,3,2,0,0,0.230,0.311,0.420,0.731,0.190,0.317,10.1,27.9,0.282,38.0,21.0,41.0,17.0
Justin Turner,5235,32,NL,LAD,3B,3,140,525,585,150,94,33,2,21,75,81,47,1,102,8,5,4,1,0.286,0.351,0.477,0.828,0.191,0.354,8.0,17.4,0.317,38.0,24.0,38.0,13.0
Justin Upton,5222,29,AL,DET,OF,5,152,557,626,142,82,28,2,30,83,87,61,3,165,4,4,9,4,0.255,0.331,0.473,0.804,0.217,0.343,9.7,26.3,0.307,39.5,19.0,41.5,18.0
Kendrys Morales,8610,33,AL,TOR,DH,4,145,532,586,144,90,30,0,24,62,88,44,1,107,6,5,0,0,0.270,0.330,0.462,0.792,0.192,0.339,7.5,18.2,0.295,46.0,20.0,34.0,16.5
Kennys Vargas,12101,26,AL,MIN,1B,6,85,293,337,68,40,14,1,14,40,40,40,2,97,2,2,0,0,0.233,0.327,0.426,0.753,0.193,0.325,12.0,28.8,0.295,44.0,19.0,37.0,19.0
Keon Broxton,9253,26,NL,MIL,OF,2,135,493,560,120,77,24,4,15,71,50,62,1,176,2,3,35,11,0.244,0.329,0.399,0.728,0.155,0.318,11.1,31.4,0.345,46.0,23.0,31.0,15.0
Ketel Marte,13613,23,NL,ARI,SS,7,60,212,228,56,41,11,2,2,23,19,13,1,40,1,2,6,3,0.264,0.305,0.360,0.665,0.096,0.288,5.7,17.7,0.315,52.5,21.5,26.0,3.5
Kevin Kiermaier,11038,26,AL,TB,OF,1,145,551,609,142,90,29,7,15,79,56,51,0,112,5,2,23,6,0.257,0.324,0.419,0.744,0.162,0.322,8.3,18.4,0.297,45.0,20.5,34.5,10.0
Kevin Pillar,12434,28,AL,TOR,OF,8,154,550,585,147,102,33,2,11,63,61,26,0,88,5,4,13,5,0.267,0.305,0.391,0.697,0.124,0.301,4.5,15.1,0.300,44.5,20.5,35.0,6.5
Khris Davis,9112,29,AL,OAK,OF,4,150,559,618,141,77,25,2,37,81,98,47,1,164,7,5,3,1,0.253,0.316,0.503,0.820,0.251,0.346,7.6,26.6,0.288,41.5,18.5,40.0,23.0
Kirk Nieuwenhuis,6400,29,NL,MIL,OF,6,110,302,341,65,36,18,1,10,35,34,36,1,110,2,1,5,4,0.216,0.302,0.382,0.684,0.167,0.299,10.6,32.2,0.300,45.5,20.5,34.0,15.5
Kole Calhoun,11200,29,AL,LAA,OF,2,155,601,663,157,100,32,4,21,86,75,54,0,136,4,4,3,2,0.262,0.326,0.433,0.759,0.172,0.327,8.2,20.5,0.304,40.0,22.5,37.5,12.0
Kolten Wong,12532,26,NL,STL,2B,8,130,423,475,110,78,18,5,9,52,45,40,4,74,8,4,9,3,0.261,0.333,0.389,0.722,0.129,0.313,8.4,15.6,0.295,46.5,20.0,33.5,7.5
Kris Bryant,15429,25,NL,CHC,3B/OF,2,155,600,694,163,88,34,3,38,111,98,78,4,169,13,4,8,4,0.271,0.364,0.527,0.891,0.256,0.377,11.2,24.4,0.315,33.0,22.0,45.0,19.2
Kurt Suzuki,8259,33,NL,ATL,C,8,60,182,198,45,33,10,0,3,15,20,11,2,27,3,2,0,0,0.249,0.300,0.346,0.645,0.097,0.280,5.8,13.4,0.275,41.0,21.0,38.0,4.5
Kyle Schwarber,16478,24,NL,CHC,OF,1,135,473,547,118,70,20,1,28,83,70,65,2,145,7,2,4,3,0.250,0.348,0.473,0.821,0.223,0.352,11.9,26.5,0.300,39.0,19.0,42.0,20.0
Kyle Seager,9785,29,AL,SEA,3B,5,157,591,659,161,96,35,2,27,81,90,59,7,109,7,3,3,2,0.272,0.343,0.476,0.820,0.205,0.348,9.0,16.6,0.292,36.0,22.5,41.5,13.5
Leonys Martin,11846,29,AL,SEA,OF,9,145,502,544,121,85,19,4,12,62,47,36,0,131,3,3,21,7,0.240,0.293,0.368,0.661,0.127,0.288,6.6,24.1,0.300,46.0,20.0,34.0,9.5
Logan Forsythe,7185,30,NL,LAD,2B,1,150,593,660,156,103,31,2,19,87,63,54,0,137,9,4,8,4,0.263,0.331,0.420,0.751,0.157,0.326,8.2,20.8,0.310,41.5,20.5,38.0,11.0
Logan Morrison,9205,29,AL,TB,1B,8,120,383,426,93,58,19,1,15,47,48,37,1,83,4,2,4,2,0.243,0.315,0.413,0.728,0.170,0.315,8.7,19.6,0.273,44.0,20.0,36.0,13.5
Lonnie Chisenhall,7571,28,AL,CLE,OF,7,130,411,442,108,70,25,2,11,47,52,25,1,80,3,4,4,1,0.263,0.307,0.417,0.724,0.154,0.310,5.6,18.2,0.300,38.0,22.0,40.0,8.5
Lorenzo Cain,9077,30,AL,KC,OF,3,135,523,570,147,105,29,2,12,70,66,38,3,109,5,4,17,5,0.281,0.332,0.410,0.743,0.129,0.320,6.6,19.1,0.333,46.5,23.5,30.0,9.3
Lucas Duda,2502,31,NL,NYM,1B,6,120,406,468,98,57,21,0,20,53,61,52,5,106,7,3,0,0,0.241,0.335,0.438,0.773,0.198,0.332,11.2,22.6,0.275,33.5,21.5,45.0,14.5
Luis Sardinas,13153,23,NL,SD,SS,8,80,247,264,60,46,9,1,4,24,20,15,3,55,1,1,5,2,0.241,0.286,0.331,0.616,0.090,0.267,5.5,20.7,0.295,56.0,18.0,26.0,7.0
Luis Valbuena,4969,31,AL,LAA,3B,5,110,360,413,85,49,20,1,15,48,52,47,1,92,3,2,1,1,0.236,0.328,0.427,0.755,0.190,0.326,11.5,22.2,0.273,35.5,20.5,44.0,13.0
Mac Williamson,14158,26,NL,SF,OF,8,100,272,300,64,40,15,1,8,31,31,22,2,80,4,2,2,1,0.234,0.299,0.383,0.682,0.149,0.295,7.4,26.7,0.300,51.0,20.0,29.0,14.0
Maikel Franco,12179,24,NL,PHI,3B,4,150,563,612,146,93,28,1,24,67,91,40,6,106,5,4,1,1,0.259,0.313,0.440,0.753,0.180,0.320,6.6,17.3,0.280,45.0,19.0,36.0,14.3
Mallex Smith,13608,23,AL,TB,OF,9,90,243,270,61,45,10,3,3,34,21,25,0,56,2,1,19,7,0.253,0.324,0.362,0.687,0.109,0.303,9.1,20.6,0.315,57.0,19.0,24.0,7.0
Manny Machado,11493,24,AL,BAL,SS/3B,3,157,629,686,182,112,35,1,35,97,102,49,6,115,3,5,3,1,0.290,0.342,0.514,0.856,0.225,0.360,7.1,16.8,0.305,40.5,20.0,39.5,17.0
Manuel Margot,14712,22,NL,SD,OF,2,140,537,574,141,106,23,7,5,66,41,32,0,88,2,3,21,9,0.263,0.306,0.358,0.663,0.095,0.289,5.6,15.3,0.305,58.0,22.0,20.0,5.0
Marcell Ozuna,10324,26,NL,MIA,OF,5,150,568,618,152,99,27,5,21,70,76,42,2,133,4,4,2,2,0.268,0.321,0.443,0.764,0.175,0.327,6.8,21.6,0.315,45.5,19.5,35.0,13.5
Marcus Semien,12533,26,AL,OAK,SS,7,154,541,593,132,84,25,3,21,68,63,50,1,136,1,1,9,2,0.245,0.309,0.416,0.725,0.171,0.313,8.5,22.9,0.290,39.0,20.5,40.5,12.5
Mark Canha,11445,28,AL,OAK,OF,8,100,308,340,77,49,15,2,11,40,39,24,0,79,5,3,2,1,0.250,0.312,0.421,0.733,0.171,0.316,7.2,23.1,0.297,40.0,19.0,41.0,12.0
Mark Reynolds,7619,33,NL,COL,1B/3B,6,95,279,314,66,41,15,0,10,34,35,31,1,83,3,1,1,1,0.238,0.318,0.403,0.721,0.165,0.314,9.8,26.5,0.300,41.0,22.0,37.0,14.0
Mark Trumbo,6876,31,AL,BAL,OF,5,150,566,615,143,81,26,1,35,77,91,45,1,155,2,2,1,1,0.252,0.308,0.485,0.793,0.233,0.336,7.3,25.2,0.285,41.5,17.5,41.0,20.5
Martin Maldonado,6887,30,AL,LAA,C,9,100,296,330,64,46,10,0,8,29,31,27,0,78,5,2,0,0,0.217,0.292,0.335,0.628,0.118,0.279,8.2,23.6,0.265,43.5,19.0,37.5,10.0
Martin Prado,3312,33,NL,MIA,3B,2,144,564,616,160,120,30,3,7,62,62,42,2,71,5,5,2,1,0.284,0.337,0.386,0.723,0.102,0.315,6.8,11.6,0.312,48.0,22.5,29.5,5.0
Marwin Gonzalez,5497,28,AL,HOU,1B/3B,9,80,250,264,64,43,13,1,7,30,26,12,0,57,2,0,4,2,0.257,0.296,0.396,0.692,0.140,0.299,4.4,21.6,0.308,47.0,21.5,31.5,11.0
Matt Adams,9393,28,NL,STL,1B,5,70,182,196,44,26,11,0,8,20,27,12,1,46,1,1,0,0,0.244,0.293,0.428,0.721,0.184,0.307,6.1,23.6,0.285,39.0,20.0,41.0,13.5
Matt Carpenter,8090,31,NL,STL,1B/2B/3B,3,147,531,625,148,86,37,3,22,87,80,83,4,121,6,5,2,2,0.279,0.379,0.484,0.863,0.205,0.369,13.3,19.3,0.320,33.0,26.0,41.0,13.0
Matt Davidson,7226,26,AL,CHW,DH,6,70,228,252,49,31,10,0,8,25,26,20,1,78,3,1,0,0,0.215,0.284,0.365,0.649,0.150,0.283,8.0,30.8,0.285,44.0,21.0,35.0,15.0
Matt Duffy,13836,26,AL,TB,3B,5,125,469,508,129,97,21,3,8,56,50,30,0,79,5,3,9,3,0.276,0.324,0.387,0.711,0.111,0.310,5.9,15.6,0.315,51.5,21.0,27.5,7.5
Matt Holliday,1873,37,AL,NYY,OF,4,135,485,554,132,81,29,1,21,65,77,56,2,97,10,2,2,1,0.271,0.357,0.463,0.820,0.192,0.353,10.1,17.5,0.300,47.0,18.0,35.0,15.0
Matt Joyce,3353,32,AL,OAK,OF,3,130,406,481,97,58,20,2,17,58,58,65,2,108,5,5,1,1,0.239,0.347,0.422,0.770,0.184,0.334,13.6,22.5,0.280,42.5,19.0,38.5,14.5
Matt Kemp,5631,32,NL,ATL,OF,4,150,585,638,155,93,35,2,26,80,97,42,5,150,2,9,3,1,0.265,0.313,0.464,0.777,0.199,0.327,6.6,23.6,0.310,41.5,21.5,37.0,15.8
Matt Wieters,4298,30,NL,WAS,C,8,115,378,412,96,63,18,1,14,41,50,28,0,80,2,3,1,0,0.253,0.305,0.413,0.718,0.160,0.310,6.8,19.4,0.285,39.0,22.0,39.0,11.5
Max Kepler,12144,24,AL,MIN,OF,5,140,510,570,127,81,26,5,15,63,64,52,2,112,3,5,8,3,0.250,0.320,0.408,0.728,0.158,0.315,9.1,19.6,0.290,46.0,19.0,35.0,10.5
Melky Cabrera,4022,32,AL,CHW,OF,2,150,601,653,173,121,36,3,13,76,69,44,2,77,2,5,2,1,0.288,0.336,0.422,0.757,0.134,0.326,6.8,11.8,0.310,46.0,22.0,32.0,7.5
Melvin Upton Jr.,5015,32,AL,TOR,OF,9,110,366,402,83,53,15,3,11,45,38,32,0,117,1,3,14,5,0.227,0.289,0.379,0.668,0.151,0.290,8.0,29.2,0.300,46.5,18.0,35.5,12.5
Michael Brantley,4106,29,AL,CLE,OF,5,110,419,462,123,88,25,1,9,53,52,37,1,47,3,4,9,2,0.293,0.351,0.422,0.773,0.129,0.335,8.0,10.1,0.310,47.0,23.5,29.5,8.0
Michael Conforto,16376,24,NL,NYM,OF,7,100,292,330,75,42,18,1,14,40,45,31,1,71,4,3,2,1,0.257,0.334,0.469,0.802,0.211,0.342,9.5,21.4,0.290,37.5,20.5,42.0,15.0
Michael Saunders,9981,30,NL,PHI,OF,5,135,466,527,113,67,26,2,17,58,62,54,2,140,3,4,2,2,0.241,0.322,0.415,0.737,0.174,0.319,10.3,26.6,0.306,42.0,21.5,36.5,14.0
Miguel Cabrera,1744,33,AL,DET,1B,3,148,557,636,175,109,35,1,30,85,102,72,13,106,4,4,0,0,0.314,0.393,0.543,0.936,0.229,0.392,11.3,16.7,0.340,42.0,22.5,35.5,18.8
Miguel Montero,3364,33,NL,CHC,C,7,60,172,198,39,28,7,0,5,18,20,22,1,45,2,2,0,0,0.229,0.321,0.353,0.674,0.124,0.297,11.2,22.6,0.278,47.0,20.0,33.0,11.5
Miguel Sano,12164,23,AL,MIN,3B/OF,4,135,496,570,121,62,27,1,32,72,84,69,3,185,1,3,1,0,0.245,0.336,0.494,0.831,0.250,0.352,12.1,32.4,0.317,34.0,21.5,44.5,22.5
Mike Moustakas,4892,28,AL,KC,3B,2,140,533,588,141,85,30,1,25,73,78,44,1,74,6,5,1,1,0.265,0.325,0.465,0.790,0.200,0.337,7.6,12.6,0.265,40.0,19.0,41.0,13.0
Mike Napoli,3057,35,AL,TEX,1B,4,135,475,547,108,63,22,1,22,61,70,65,2,161,4,3,2,1,0.227,0.323,0.416,0.739,0.189,0.320,11.8,29.4,0.290,39.0,19.0,42.0,16.5
Mike Trout,10155,25,AL,LAA,OF,3,158,560,679,169,99,33,6,32,114,102,105,11,141,10,5,21,6,0.302,0.417,0.552,0.969,0.249,0.407,15.4,20.7,0.350,40.5,22.0,37.5,20.0
Mike Zunino,13265,26,AL,SEA,C,8,120,364,414,78,43,15,0,20,45,52,40,0,123,8,2,0,1,0.215,0.305,0.423,0.729,0.208,0.316,9.6,29.6,0.260,33.0,18.0,49.0,17.0
Mikie Mahtook,13130,27,AL,DET,OF,7,100,309,330,72,44,15,2,10,34,35,17,0,94,3,2,3,1,0.233,0.278,0.396,0.673,0.163,0.290,5.0,28.6,0.300,38.0,19.0,43.0,11.0
Mitch Haniger,14274,26,AL,SEA,OF,6,135,479,540,121,72,28,3,18,63,63,51,0,122,5,5,7,3,0.253,0.328,0.434,0.762,0.182,0.329,9.4,22.6,0.300,40.0,19.0,41.0,12.0
Mitch Moreland,3086,31,AL,BOS,1B,8,140,428,466,110,67,24,0,19,49,59,31,2,108,5,3,0,0,0.258,0.312,0.447,0.759,0.190,0.324,6.6,23.2,0.300,43.0,20.0,37.0,16.0
Mookie Betts,13611,24,AL,BOS,OF,4,155,623,682,189,119,40,5,24,96,96,50,1,83,2,6,21,5,0.303,0.354,0.501,0.855,0.198,0.363,7.4,12.1,0.315,40.0,20.0,40.0,11.0
Neil Walker,7539,31,NL,NYM,2B,5,130,467,520,125,81,23,2,18,61,65,45,2,93,5,3,3,1,0.267,0.336,0.439,0.775,0.172,0.333,8.6,17.8,0.297,39.5,21.5,39.0,12.0
Nelson Cruz,2434,36,AL,SEA,OF,4,150,576,641,152,90,27,1,34,78,96,55,5,156,5,4,2,1,0.264,0.331,0.491,0.822,0.227,0.348,8.6,24.3,0.302,43.5,18.5,38.0,21.0
Nick Ahmed,12147,27,NL,ARI,SS,8,120,386,414,94,71,14,3,7,39,28,23,3,76,2,3,5,4,0.243,0.288,0.343,0.630,0.100,0.272,5.5,18.3,0.285,46.5,20.0,33.5,6.2
Nick Castellanos,11737,25,AL,DET,3B,2,150,580,630,155,91,34,5,24,78,79,41,2,159,3,7,1,1,0.267,0.315,0.467,0.783,0.200,0.332,6.5,25.2,0.325,34.0,25.0,41.0,13.5
Nick Franklin,10166,26,AL,TB,OF,8,100,285,310,68,42,14,2,10,35,34,21,0,76,2,2,7,1,0.239,0.294,0.408,0.702,0.169,0.303,6.8,24.6,0.290,37.0,20.0,43.0,11.0
Nick Markakis,5930,33,NL,ATL,OF,5,154,586,655,157,112,34,0,11,69,68,61,5,88,4,4,1,1,0.268,0.338,0.381,0.719,0.113,0.314,9.3,13.5,0.298,45.0,21.5,33.5,6.3
Nolan Arenado,9777,25,NL,COL,3B,3,157,612,683,182,99,38,4,40,106,127,61,9,100,3,8,3,3,0.297,0.359,0.569,0.928,0.272,0.385,8.9,14.6,0.295,35.6,20.5,44.0,17.5
Nomar Mazara,14553,21,AL,TEX,OF,7,150,516,570,135,94,21,3,17,62,62,43,1,116,6,6,1,1,0.262,0.323,0.413,0.736,0.150,0.318,7.6,20.4,0.305,48.0,21.0,31.0,13.5
Nori Aoki,13075,35,AL,HOU,OF,9,110,359,396,99,77,16,3,3,47,29,30,0,36,6,1,7,5,0.275,0.340,0.364,0.704,0.089,0.312,7.5,9.1,0.298,61.0,18.0,21.0,5.0
Odubel Herrera,11476,25,NL,PHI,OF,3,155,578,636,155,111,26,5,13,74,61,50,2,135,6,2,18,7,0.269,0.333,0.399,0.732,0.130,0.318,7.9,21.3,0.330,47.5,21.5,31.0,9.5
Omar Narvaez,13338,25,AL,CHW,C,9,95,299,333,74,60,11,0,3,27,26,29,0,44,1,3,0,0,0.248,0.314,0.312,0.627,0.064,0.280,8.8,13.2,0.280,44.0,23.0,33.0,3.0
Orlando Arcia,13185,22,NL,MIL,SS,7,140,502,539,124,83,25,7,9,53,49,33,0,106,2,2,18,5,0.247,0.296,0.379,0.674,0.132,0.292,6.2,19.6,0.295,52.0,19.0,29.0,8.0
Pablo Sandoval,5409,30,AL,BOS,3B,7,130,476,514,128,90,25,1,12,51,54,29,1,72,5,3,0,0,0.270,0.317,0.403,0.720,0.133,0.311,5.7,14.1,0.295,44.0,20.0,36.0,8.2
Paul Goldschmidt,9218,29,NL,ARI,1B,3,158,584,698,172,105,37,2,28,104,103,104,15,151,4,7,18,4,0.295,0.401,0.510,0.911,0.215,0.384,14.9,21.6,0.350,44.0,23.0,33.0,19.3
Paulo Orlando,8628,31,AL,KC,OF,8,90,317,333,85,59,16,4,6,34,31,11,0,69,3,2,7,2,0.269,0.300,0.401,0.701,0.132,0.302,3.4,20.6,0.325,49.0,22.0,29.0,8.5
Pedro Alvarez,2495,30,AL,BAL,DH,6,85,259,289,63,36,12,0,15,33,40,27,1,76,1,2,1,0,0.241,0.314,0.459,0.773,0.218,0.329,9.4,26.2,0.280,47.0,18.0,35.0,23.0
Peter Bourjos,2578,29,AL,CHW,OF,9,60,167,180,39,25,7,3,3,20,14,10,0,46,2,1,3,2,0.232,0.286,0.365,0.650,0.133,0.283,5.8,25.4,0.300,50.0,18.0,32.0,8.0
Rajai Davis,3708,36,AL,OAK,OF,1,130,479,520,120,84,24,3,9,69,40,33,0,110,5,3,33,10,0.250,0.304,0.368,0.672,0.118,0.294,6.4,21.2,0.305,46.0,20.0,34.0,7.3
Randal Grichuk,10243,25,NL,STL,OF,7,140,488,525,118,60,30,4,25,61,72,32,2,153,4,1,5,3,0.243,0.294,0.474,0.768,0.231,0.324,6.1,29.2,0.300,39.0,18.0,43.0,17.5
Raul Mondesi,13769,21,AL,KC,2B,9,120,415,438,94,62,14,8,10,50,40,19,0,122,2,2,22,5,0.226,0.262,0.368,0.630,0.142,0.270,4.4,27.9,0.295,46.0,18.0,36.0,9.0
Rene Rivera,3648,33,NL,NYM,C,8,60,165,180,36,25,7,0,5,13,18,12,2,46,2,1,0,0,0.221,0.280,0.348,0.628,0.127,0.271,6.8,25.5,0.275,41.0,20.0,39.0,10.0
Rickie Weeks Jr.,1849,34,AL,TB,OF,8,75,172,195,41,25,9,1,6,23,20,19,0,51,4,1,2,1,0.238,0.324,0.408,0.732,0.170,0.320,9.5,26.1,0.300,47.0,18.0,35.0,14.5
Rob Refsnyder,13770,26,AL,NYY,1B/OF,9,60,164,180,43,31,10,1,1,20,13,14,0,31,1,1,2,1,0.262,0.323,0.352,0.675,0.090,0.298,8.0,17.3,0.315,55.0,22.0,23.0,4.0
Robbie Grossman,5254,27,AL,MIN,OF,8,100,329,380,80,53,17,1,8,42,33,48,0,95,2,1,3,2,0.243,0.342,0.380,0.721,0.137,0.320,12.6,24.9,0.315,40.5,23.5,36.0,10.0
Roberto Perez,2900,28,AL,CLE,C,8,75,215,248,48,32,10,1,5,26,22,30,0,62,1,2,0,0,0.222,0.317,0.346,0.663,0.124,0.295,12.1,25.2,0.285,51.0,18.0,31.0,10.5
Robinson Cano,3269,34,AL,SEA,2B,3,153,602,658,175,115,33,2,25,84,93,47,6,95,5,4,0,0,0.290,0.345,0.474,0.819,0.184,0.348,7.1,14.4,0.308,46.0,21.5,32.5,15.0
Robinson Chirinos,3142,32,AL,TEX,C,9,40,106,120,25,13,7,0,5,14,15,11,0,29,2,1,0,0,0.234,0.316,0.445,0.760,0.211,0.327,9.1,24.4,0.270,39.0,19.0,42.0,16.0
Ronald Torreyes,11400,24,AL,NYY,3B,9,95,239,257,64,50,10,2,2,32,20,15,0,27,2,1,3,2,0.269,0.315,0.356,0.670,0.087,0.294,5.8,10.6,0.295,53.0,20.0,27.0,3.5
Rougned Odor,12282,23,AL,TEX,2B,5,150,565,603,150,90,28,6,26,73,87,27,1,118,7,5,9,6,0.266,0.305,0.477,0.782,0.211,0.330,4.4,19.6,0.292,43.0,17.0,40.0,14.5
Russell Martin,4616,34,AL,TOR,C,6,127,427,497,99,63,19,0,16,55,58,57,1,121,8,5,2,1,0.231,0.330,0.392,0.721,0.161,0.316,11.4,24.4,0.280,49.0,18.0,33.0,16.0
Ryan Braun,3410,33,NL,MIL,OF,3,135,511,564,145,92,27,3,24,75,82,46,6,110,4,3,13,5,0.285,0.347,0.489,0.836,0.205,0.354,8.2,19.5,0.320,49.5,19.5,31.0,19.0
Ryan Flaherty,7888,30,AL,BAL,3B,9,100,270,300,58,37,12,1,7,30,28,26,1,77,3,2,1,0,0.213,0.288,0.344,0.632,0.131,0.277,8.6,25.6,0.270,50.0,17.0,33.0,10.8
Ryan Rua,12409,27,AL,TEX,1B/OF,7,110,339,374,83,55,16,1,10,41,35,28,1,99,5,2,5,2,0.245,0.311,0.389,0.700,0.145,0.304,7.5,26.6,0.315,51.0,19.0,30.0,14.0
Ryan Schimpf,9953,28,NL,SD,2B,6,135,428,493,97,42,25,3,28,64,73,54,3,132,7,4,1,1,0.227,0.319,0.492,0.812,0.265,0.342,10.9,26.8,0.255,28.0,18.0,54.0,17.0
Ryan Zimmerman,4220,32,NL,WAS,1B,7,115,401,443,104,64,24,1,15,48,59,34,1,95,2,6,2,1,0.260,0.317,0.439,0.756,0.179,0.323,7.7,21.4,0.300,47.0,18.0,35.0,14.0
Rymer Liriano,4779,25,AL,CHW,OF,8,100,323,360,77,52,17,2,7,40,30,30,0,98,5,2,8,4,0.239,0.311,0.363,0.674,0.124,0.296,8.4,27.3,0.320,49.0,22.0,29.0,10.0
Ryon Healy,15447,25,AL,OAK,3B,6,148,553,592,147,90,35,1,21,66,75,33,1,123,2,4,1,1,0.266,0.308,0.450,0.758,0.184,0.323,5.6,20.8,0.305,42.0,20.0,38.0,13.0
Salvador Perez,7304,26,AL,KC,C,5,135,505,533,130,82,25,2,20,54,68,20,2,95,4,3,0,0,0.256,0.289,0.433,0.722,0.177,0.307,3.8,17.8,0.278,37.0,20.5,42.5,11.5
Sam Travis,sa599539,23,AL,BOS,1B,8,35,90,98,22,14,5,0,2,10,10,6,0,22,0,1,1,0,0.246,0.298,0.395,0.693,0.149,0.300,6.6,22.8,0.300,45.0,20.0,35.0,10.0
Sandy Leon,5273,28,AL,BOS,C,9,100,324,355,78,52,18,1,7,36,35,26,0,79,2,2,0,0,0.240,0.300,0.366,0.665,0.125,0.291,7.4,22.3,0.295,46.0,21.0,33.0,8.5
Scooter Gennett,10339,26,NL,MIL,2B,1,75,175,188,46,31,10,1,4,21,17,11,0,37,1,1,2,1,0.262,0.306,0.400,0.706,0.138,0.305,5.6,19.6,0.310,45.0,22.0,33.0,8.8
Scott Schebler,12225,26,NL,CIN,OF,5,120,416,456,103,67,19,3,14,50,54,30,1,102,8,2,4,4,0.248,0.309,0.411,0.720,0.163,0.311,6.5,22.3,0.295,47.0,19.0,34.0,13.0
Seth Smith,7331,34,AL,BAL,OF,6,133,379,432,96,60,22,1,13,54,49,45,1,92,4,4,0,0,0.253,0.335,0.417,0.752,0.164,0.326,10.4,21.2,0.298,45.0,21.5,33.5,13.0
Shin-Soo Choo,3174,34,AL,TEX,OF,2,130,479,559,126,85,23,2,16,75,54,63,1,124,12,4,6,3,0.263,0.361,0.418,0.779,0.155,0.341,11.4,22.2,0.320,49.0,21.0,30.0,15.0
Starlin Castro,4579,27,AL,NYY,2B,6,150,572,608,153,104,31,1,17,60,70,27,1,113,4,4,3,2,0.267,0.303,0.414,0.717,0.146,0.307,4.5,18.6,0.305,49.5,20.0,30.5,11.8
Starling Marte,9241,28,NL,PIT,OF,4,135,511,558,147,99,30,5,13,73,62,28,3,119,17,2,34,11,0.287,0.343,0.442,0.785,0.155,0.337,5.0,21.3,0.350,49.0,23.0,28.0,12.0
Stephen Drew,4251,34,NL,WAS,2B,7,90,203,225,50,31,11,1,7,24,26,20,0,44,1,2,1,1,0.246,0.314,0.414,0.727,0.167,0.315,8.8,19.7,0.280,35.0,20.0,45.0,10.0
Stephen Piscotty,13367,26,NL,STL,OF,4,150,568,627,153,94,34,4,22,78,86,48,2,130,8,3,6,4,0.270,0.335,0.457,0.792,0.187,0.339,7.7,20.8,0.315,44.0,20.5,35.5,13.8
Stephen Vogt,5000,32,AL,OAK,C,5,125,443,481,113,73,23,2,15,49,59,32,1,81,2,3,0,0,0.255,0.307,0.417,0.723,0.162,0.311,6.7,16.8,0.280,33.0,22.0,45.0,9.0
Steve Pearce,9957,33,AL,TOR,1B,7,100,308,350,79,48,15,1,15,40,42,36,1,70,4,1,1,1,0.255,0.341,0.454,0.795,0.199,0.342,10.4,20.0,0.285,38.5,19.5,42.0,14.5
Steven Moya,11854,25,AL,DET,OF,6,80,274,288,64,36,14,2,12,30,35,12,0,92,1,2,2,1,0.233,0.265,0.426,0.691,0.193,0.293,4.0,31.8,0.303,42.0,21.0,37.0,17.0
Steven Souza Jr.,5667,27,AL,TB,OF,7,130,453,501,105,66,20,1,18,58,52,41,0,162,5,2,7,5,0.233,0.303,0.401,0.704,0.168,0.306,8.2,32.3,0.318,43.0,22.0,35.0,17.5
Tim Anderson,15172,23,AL,CHW,SS,1,145,605,631,158,110,30,8,10,77,50,22,0,154,2,2,19,6,0.262,0.289,0.389,0.679,0.127,0.292,3.5,24.4,0.335,54.5,20.5,25.0,9.0
Tim Beckham,7949,27,AL,TB,SS,8,100,286,310,66,39,15,5,8,32,31,19,0,92,2,3,3,1,0.231,0.282,0.398,0.680,0.167,0.291,6.2,29.8,0.310,47.0,19.0,34.0,11.5
Todd Frazier,785,31,AL,CHW,3B,4,155,587,656,143,78,31,1,34,82,99,58,1,148,5,6,13,6,0.244,0.315,0.473,0.788,0.228,0.335,8.8,22.6,0.267,34.5,19.5,46.0,16.5
Tom Murphy,13499,25,NL,COL,C,8,70,213,231,55,30,12,1,11,26,32,15,2,63,2,1,1,1,0.256,0.311,0.482,0.792,0.225,0.333,6.6,27.2,0.310,32.5,20.5,47.0,16.0
Tommy Joseph,10349,25,NL,PHI,1B,6,140,507,553,128,75,25,0,28,63,81,35,2,117,6,5,1,1,0.253,0.306,0.468,0.774,0.216,0.328,6.3,21.2,0.273,38.0,19.0,43.0,16.5
Tommy Pham,2967,29,NL,STL,OF,8,85,211,238,51,34,10,2,6,27,22,25,1,68,1,1,3,1,0.244,0.326,0.392,0.718,0.148,0.312,10.5,28.6,0.330,49.0,22.0,29.0,14.0
Tony Wolters,11470,24,NL,COL,C,8,100,289,320,70,48,15,2,4,32,28,28,3,70,2,2,3,1,0.241,0.310,0.352,0.662,0.111,0.289,8.6,22.0,0.303,47.0,23.0,30.0,6.5
Travis d'Arnaud,7739,28,NL,NYM,C,8,100,346,380,86,56,18,1,11,40,41,29,3,67,3,2,0,0,0.250,0.313,0.402,0.715,0.152,0.308,7.7,17.6,0.280,44.0,19.0,37.0,10.5
Travis Jankowski,13768,25,NL,SD,OF,1,145,558,624,143,113,22,4,4,63,29,60,0,133,3,2,40,16,0.257,0.332,0.333,0.665,0.077,0.297,9.7,21.4,0.330,59.5,22.5,18.0,5.0
Travis Shaw,11982,26,NL,MIL,1B/3B,6,125,414,456,102,58,23,1,19,53,65,36,2,109,3,4,3,1,0.246,0.309,0.450,0.758,0.203,0.323,7.9,23.8,0.285,37.0,19.5,43.5,14.5
Trayce Thompson,9952,26,NL,LAD,OF,7,70,190,210,47,27,10,2,8,24,25,18,0,50,1,1,3,1,0.245,0.313,0.442,0.755,0.197,0.324,8.8,23.8,0.290,47.0,21.0,32.0,18.0
Trea Turner,16252,23,NL,WAS,2B/OF,2,150,606,657,177,121,32,8,15,90,67,45,0,127,2,4,39,9,0.291,0.341,0.447,0.787,0.156,0.339,6.9,19.4,0.345,45.5,22.5,32.0,10.0
Trevor Plouffe,7462,30,AL,OAK,3B,7,135,475,520,121,77,25,2,18,57,62,37,0,98,3,4,1,1,0.255,0.312,0.425,0.737,0.170,0.317,7.2,18.8,0.285,40.0,20.0,40.0,11.5
Trevor Story,12564,24,NL,COL,SS,5,145,540,602,144,76,32,6,30,82,86,54,4,167,6,2,11,5,0.266,0.338,0.513,0.851,0.247,0.359,8.9,27.8,0.330,33.0,23.0,44.0,18.0
Troy Tulowitzki,3531,32,AL,TOR,SS,5,128,481,531,127,82,23,0,22,62,74,41,1,101,5,4,1,0,0.263,0.325,0.446,0.771,0.183,0.331,7.7,19.1,0.290,41.0,20.0,39.0,14.5
Tucker Barnhart,10200,26,NL,CIN,C,8,75,224,248,56,43,10,0,3,19,21,21,4,42,1,2,0,0,0.251,0.315,0.334,0.650,0.083,0.282,8.4,16.9,0.295,49.0,23.0,28.0,5.5
Tyler Collins,12723,26,AL,DET,OF,7,100,319,350,76,49,13,4,10,38,37,27,0,83,2,2,3,2,0.239,0.301,0.402,0.704,0.163,0.304,7.8,23.6,0.290,41.0,20.0,39.0,11.0
Tyler Flowers,9134,31,NL,ATL,C,8,110,374,418,86,58,17,0,11,36,41,35,3,123,8,2,0,0,0.230,0.307,0.366,0.673,0.136,0.293,8.3,29.4,0.310,44.5,18.5,37.0,12.0
Tyler Naquin,13359,25,AL,CLE,OF,9,135,451,500,114,73,25,5,12,58,48,40,0,136,5,3,8,3,0.254,0.320,0.408,0.728,0.154,0.315,8.1,27.3,0.335,47.0,22.0,31.0,12.0
Tyler Saladino,10807,27,AL,CHW,2B/3B,8,115,398,423,101,73,17,3,8,44,40,19,0,81,4,3,13,5,0.255,0.293,0.371,0.664,0.116,0.288,4.5,19.2,0.300,52.0,20.5,27.5,9.0
Victor Martinez,393,38,AL,DET,DH,4,148,542,595,153,107,25,0,22,60,83,45,7,75,4,4,0,0,0.282,0.340,0.448,0.788,0.166,0.336,7.6,12.6,0.292,39.5,22.0,38.5,12.0
Welington Castillo,3256,29,AL,BAL,C,8,110,366,402,89,58,18,0,13,38,45,27,1,101,5,3,0,0,0.244,0.302,0.399,0.701,0.154,0.302,6.8,25.2,0.300,42.5,21.0,36.5,13.0
Whit Merrifield,11281,28,AL,KC,2B,9,70,197,210,50,35,12,1,2,24,17,12,0,41,1,1,6,2,0.256,0.299,0.357,0.656,0.101,0.286,5.6,19.6,0.315,47.0,23.0,30.0,3.5
Wil Myers,10047,26,NL,SD,1B,3,145,547,615,137,83,30,3,21,77,75,61,2,143,3,4,18,5,0.251,0.327,0.431,0.758,0.180,0.327,10.0,23.3,0.301,45.0,20.0,35.0,14.5
Willson Contreras,11609,24,NL,CHC,C/OF,7,120,414,462,110,69,23,2,16,50,55,41,1,95,6,2,3,3,0.267,0.339,0.446,0.786,0.180,0.339,8.8,20.6,0.310,50.0,19.0,31.0,16.0
Wilmer Flores,5827,25,NL,NYM,1B/3B,7,100,298,320,78,54,14,0,10,33,37,19,0,43,2,2,1,1,0.260,0.306,0.406,0.712,0.146,0.308,5.8,13.5,0.275,39.0,21.0,40.0,9.5
Wilson Ramos,1433,29,AL,TB,C,9,70,248,266,67,48,10,0,8,25,30,15,1,43,0,2,0,0,0.269,0.310,0.404,0.714,0.136,0.307,5.8,16.2,0.295,55.0,20.0,25.0,15.0
Xander Bogaerts,12161,24,AL,BOS,SS,3,155,628,690,178,124,34,1,19,87,84,54,0,120,5,3,9,3,0.283,0.342,0.429,0.771,0.146,0.334,7.8,17.4,0.323,45.0,20.5,34.5,10.5
Yadier Molina,7007,34,NL,STL,C,5,130,476,514,135,101,26,1,7,46,55,30,1,58,4,3,2,1,0.284,0.331,0.388,0.719,0.103,0.313,5.9,11.3,0.310,48.0,22.0,30.0,5.5
Yan Gomes,9627,29,AL,CLE,C,8,100,354,375,83,52,18,1,11,36,42,14,0,97,3,4,0,0,0.233,0.265,0.387,0.652,0.154,0.279,3.6,25.8,0.285,39.0,20.0,41.0,10.5
Yangervis Solarte,5352,29,NL,SD,3B,4,140,515,563,139,91,31,2,15,63,75,39,1,74,6,4,0,0,0.270,0.326,0.427,0.753,0.157,0.324,6.9,13.1,0.288,43.5,20.0,36.5,9.5
Yasiel Puig,14225,26,NL,LAD,OF,7,130,460,514,122,79,23,4,16,60,60,43,1,105,8,3,5,4,0.265,0.336,0.439,0.776,0.174,0.335,8.3,20.5,0.310,48.0,17.0,35.0,13.0
Yasmani Grandal,11368,28,NL,LAD,C,5,120,383,450,89,54,15,1,19,49,57,62,1,106,2,3,1,1,0.234,0.341,0.428,0.769,0.194,0.334,13.8,23.6,0.270,44.0,18.0,38.0,18.0
Yasmany Tomas,17171,26,NL,ARI,OF,5,145,551,587,146,92,30,2,23,66,74,33,3,149,2,1,3,3,0.265,0.308,0.448,0.756,0.182,0.322,5.6,25.4,0.325,48.0,21.0,31.0,18.0
Yoan Moncada,17232,21,AL,CHW,3B,8,80,280,312,66,40,16,3,8,37,29,27,0,94,2,2,14,5,0.236,0.309,0.394,0.703,0.158,0.306,8.8,30.1,0.325,45.0,21.0,34.0,12.0
Yoenis Cespedes,13110,31,NL,NYM,OF,3,140,529,588,143,83,29,2,30,80,92,49,5,120,5,6,3,1,0.271,0.334,0.500,0.834,0.229,0.351,8.3,20.4,0.295,37.5,20.5,42.0,17.0
Yonder Alonso,2530,29,AL,OAK,1B,8,130,411,455,111,78,26,0,7,48,45,39,1,61,2,4,3,1,0.270,0.333,0.384,0.717,0.114,0.313,8.6,13.3,0.300,45.0,22.0,33.0,6.0
Yulieski Gurriel,19198,32,AL,HOU,3B,8,130,478,514,130,88,28,1,14,55,58,29,0,70,3,3,3,3,0.273,0.316,0.421,0.737,0.148,0.318,5.6,13.6,0.293,43.0,20.0,37.0,9.0
Yunel Escobar,4191,34,AL,LAA,3B,1,130,516,566,144,111,25,1,7,67,42,42,0,70,4,3,1,1,0.279,0.336,0.372,0.709,0.093,0.312,7.5,12.4,0.310,56.0,20.0,24.0,6.5
Zack Cozart,2616,31,NL,CIN,SS,2,125,477,519,120,77,25,2,15,63,54,35,2,82,3,3,3,1,0.251,0.305,0.409,0.714,0.158,0.306,6.7,15.8,0.273,40.5,19.5,40.0,9.5
