Player,FanGraphs ID,Lg,Team,Role,GS,IP,IP S,TBF,W,L,QS,SV,ERA,H,R,ER,HR,SO,BB,HBP,K/9,BB/9,HR/9,K,BB,BAA,WHIP,BABIP,LOB,GB,LD,FB,HR/FB
A.J. Ramos,8350,NL,MIA,Cl,0,70,0,282.946759552174,4.47844928284861,2.38227795423852,0,24,2.65,48.2084123000747,22.5075662965972,20.6491433913736,5.40816081811276,84.2898685311622,28.8605694743218,2.87777777777778,10.8372688111494,3.71064464669851,0.695334962328784,29.8,10.2,0.189732516691692,1.10098545391995,0.265,78.5,41.0,18.5,40.5,8.0
Aaron Nola,16149,NL,PHI,S,31,185,185,768.338447767173,10.2025968811051,11.8317051674894,18,0,3.67,178.999758979016,82.1238078094281,75.3429429444295,21.3926778388201,159.845789139532,48.1109110103793,4.72777777777778,7.77628163381509,2.34053080591034,1.04072486783449,20.8,6.3,0.248532234389506,1.22762524318592,0.295,73.5,45.0,20.0,35.0,11.0
Aaron Sanchez,11490,AL,TOR,S,15,115,85,500.101138680212,7.62994189322018,6.0670566775278,7,0,3.86,111.249452095262,53.7036964285083,49.2694462646865,8.61042483865696,88.2101213020127,51.0072421405058,4.34444444444444,6.90340079754882,3.99187112403958,0.67385933519924,17.6,10.2,0.247719804148854,1.41092777596319,0.295,72.3,61.0,18.0,21.0,11.5
Adam Wainwright,2233,NL,STL,S,28,180,180,741.177884271048,12.5128839141783,8.92589645742726,19,0,3.20,171.327307164976,69.75511756987,63.9955207063027,13.0784623420001,143.812082711193,43.0505771060718,4.8,7.19060413555963,2.15252885530359,0.653923117100003,19.4,5.8,0.245409834863385,1.19098824595027,0.295,73.8,49.0,23.0,28.0,8.5
Adam Warren,9029,NL,CHC,S,11,100,60,421.914050312622,6.79366269884721,5.11677084093364,5,0,3.62,94.782532166015,43.8398424172145,40.2200389148757,9.55108020315053,86.311275817561,32.9092959243845,4.22222222222222,7.76801482358049,2.9618366331946,0.859597218283548,20.5,7.8,0.243653917071202,1.276918280904,0.295,73.3,46.0,22.0,32.0,10.0
Alex Wood,13781,NL,LAD,S,20,120,120,505.956208100232,7.7151385626144,6.57738168512261,11,0,3.69,118.796050032185,53.582874800218,49.158600734145,11.1024345824472,96.7148972839461,36.0934914013812,3.06666666666667,7.25361729629596,2.70701185510359,0.832682593683536,19.1,7.1,0.252831403323121,1.29074617861305,0.3,72.7,49.0,21.0,30.0,10.0
Andrew Cashner,8782,NL,SD,S,31,190,190,792.16297785854,10.9558953177796,11.673928407804,19,0,3.47,178.698253098649,79.751487433791,73.1665022328358,16.9569748314391,164.465758717346,58.031391426558,4.43333333333333,7.79048330766377,2.74885538336327,0.803225123594483,20.8,7.3,0.243414472829259,1.24594549750109,0.295,73.7,49.5,20.5,30.0,10.0
Andrew Heaney,15423,AL,LAA,S,28,165,165,701.335207600014,9.73993931524664,9.91227602539176,15,0,3.94,162.390120339906,78.705448554568,72.2068335363009,20.4007688869228,130.870898166835,50.3617539267752,10.0833333333333,7.13841262728192,2.74700475964229,1.11276921201397,18.7,7.2,0.249457361776566,1.28940529858594,0.29,72.8,40.0,20.0,40.0,10.0
Andrew Miller,6785,AL,NYY,MR,0,60,0,237.782224845523,4.36753216076198,1.5130911853127,0,2,2.28,38.6662868421418,16.5649877021882,15.1972364240258,4.14778614505765,85.2381410646409,20.449271336715,4.66666666666667,12.7857211596961,3.06739070050725,0.622167921758648,35.8,8.6,0.177912673701251,0.985259302980946,0.28,79.8,48.0,21.0,31.0,10.5
Anibal Sanchez,3284,AL,DET,S,29,180,180,753.145596949025,11.5008556604761,9.93792471112947,17,0,3.71,173.270775286055,80.9515128838799,74.2674430127338,19.4698417825643,154.441836881489,55.4748216629701,2.4,7.72209184407447,2.7737410831485,0.973492089128217,20.5,7.4,0.248356074847784,1.27080887193903,0.295,73.4,43.5,20.5,36.0,10.0
Anthony DeSclafani,13050,NL,CIN,S,32,190,190,797.967073013705,10.8672887744674,11.7625349511162,17,0,3.83,188.179023972578,88.1726067163842,80.892299739802,22.4897131640322,155.030630101611,52.6658268189045,6.12222222222222,7.34355616270788,2.49469705984285,1.06530220250679,19.4,6.6,0.252487198878765,1.26760447784991,0.295,72.9,44.0,21.0,35.0,11.0
Archie Bradley,12918,NL,ARI,S,6,30,30,132.036163826739,1.64507222914019,1.92805783279407,2,0,4.19,28.7560634891147,15.2071165621897,13.9514830845777,3.11931583977881,25.7325183295531,14.580100337624,1.7,7.71975549886594,4.37403010128719,0.935794751933642,19.5,11.0,0.244824001715158,1.44453879422462,0.295,72.2,47.0,20.0,33.0,10.5
Arodys Vizcaino,5498,NL,ATL,MR,0,55,0,229.717294952766,2.73950898139761,2.65106241917085,0,12,3.33,46.3311013039667,22.1874058862553,20.355418244271,4.95999759065713,58.2121253915523,22.0528603154655,1.83333333333333,9.52562051861765,3.60864986980345,0.811635969380257,25.3,9.6,0.223105614521269,1.24334475671695,0.29,75.2,37.0,21.0,42.0,8.0
Aroldis Chapman,10233,AL,NYY,Cl,0,65,0,258.6385548913,4.84858819025905,1.52208710132186,0,38,2.16,37.262047079123,16.9994203256393,15.5957984638893,3.73244061479312,104.381864484225,29.3376189232879,3.53888888888889,14.4528735439696,4.06213185091678,0.516799469740585,40.4,11.3,0.162502812828994,1.02461024619094,0.285,80.8,38.0,21.0,41.0,7.5
Bartolo Colon,375,NL,NYM,S,24,150,150,624.849115020894,8.39890771507816,9.46674259459311,14,0,3.95,163.396364431787,71.8286992983146,65.8978892645088,19.0112120281933,98.1013110582803,23.1194172557731,3.33333333333333,5.88607866349682,1.38716503534638,1.1406727216916,15.7,3.7,0.271544457650431,1.24343854458374,0.3,71.7,41.0,21.0,38.0,10.0
Brad Boxberger,10133,AL,TB,Cl,0,65,0,270.925160974553,3.41070642904623,2.95996886253467,0,32,3.57,52.1907945551487,28.1121871789663,25.7909974118957,8.49133853497904,76.1299702338494,27.6343664194044,2.6,10.5410728016099,3.82629688884061,1.17572379715094,28.1,10.2,0.214520219108899,1.22807939960851,0.28,76.1,38.0,19.0,43.0,12.0
Brad Ziegler,7293,NL,ARI,Cl,0,65,0,267.762080877257,3.96274363948692,2.40793165209398,0,26,2.92,56.745496063919,22.9661358047507,21.0698493621566,3.43728577048992,40.645152582376,20.3499181466715,2.16666666666667,5.62779035755975,2.81768097415452,0.475931875913989,15.2,7.6,0.229356129616436,1.18608329554755,0.265,74.9,69.0,17.0,14.0,12.0
Brandon Finnegan,16208,NL,CIN,S,20,135,110,576.941421223614,7.61678043587083,8.46230484283332,9,0,3.89,125.324220522476,63.5540526097219,58.3064702841485,14.5133364155956,126.680768490337,57.1172007011378,3,8.44538456602245,3.80781338007585,0.967555761039705,22.0,9.9,0.24108961370925,1.35141793498973,0.295,73.3,50.0,19.0,31.0,12.0
Brandon McCarthy,4662,NL,LAD,S,5,30,30,124.059100480052,1.96134485071238,1.61178521122188,3,0,3.61,30.7641722307901,13.1280108558262,12.0440466567213,3.14211601242982,22.5485354904926,5.62826158259537,0.666666666666667,6.76456064714777,1.68847847477861,0.942634803728946,18.2,4.5,0.259764876422325,1.21308112711285,0.3,72.7,49.0,21.0,30.0,11.0
Brett Anderson,8223,NL,LAD,S,26,150,150,632.354600631957,9.90350014743476,7.96215016223651,14,0,3.57,151.420069031913,64.8549012068397,59.4999093640731,11.0630470779555,107.500282107433,42.6011982667104,3.33333333333333,6.45001692644596,2.55607189600262,0.66378282467733,17.0,6.7,0.256751497192949,1.29347511532416,0.3,72.3,62.0,17.0,21.0,11.0
Bud Norris,9492,NL,ATL,S,28,165,165,709.349554544482,8.20639717136747,11.4458181692709,14,0,4.07,163.84920354632,81.3675906357669,74.6491657208871,19.6956684285789,142.141751391937,58.0170176648282,8.98333333333333,7.75318643956018,3.16456459989972,1.07430918701339,20.0,8.2,0.251559985520261,1.34464376491605,0.3,72.3,41.0,21.5,37.5,10.5
C.J. Wilson,3580,AL,LAA,S,28,170,170,738.492932373539,9.80131359495668,10.4464234226708,15,0,4.04,165.153166421235,83.1754506079699,76.3077528513485,17.6041874104837,140.382948465831,70.8953215078598,9.44444444444444,7.43203844819107,3.75328172688669,0.931986392319727,19.0,9.6,0.247384298165896,1.38852051722997,0.295,72.3,45.0,21.0,34.0,10.0
Carlos Carrasco,6632,AL,CLE,S,31,190,190,770.601656613018,14.1505477253354,8.47927600024821,20,0,3.06,169.491714428406,70.3779115128575,64.5668912961996,16.0782900203922,201.418590283379,45.4654977401681,4.64444444444444,9.54088059237059,2.15362884032375,0.761603211492262,26.1,5.9,0.233737777870384,1.13135374825565,0.305,75.1,51.5,19.0,29.5,10.5
Carlos Martinez,11682,NL,STL,S,30,180,180,758.327515156459,12.0427079189987,9.39607245260682,18,0,3.36,165.702986428786,73.2765413055296,67.2261846839721,13.1658284262328,174.415328485986,61.4245287276732,9.2,8.72076642429928,3.07122643638366,0.658291421311642,23.0,8.1,0.23777052137187,1.261819528647,0.305,73.7,53.0,20.0,27.0,9.5
Carlos Rodon,16137,AL,CHW,S,29,170,170,734.455017272888,10.5013198772587,9.74641714036872,16,0,3.78,153.467716860111,77.8393912606286,71.4122855602097,15.9387836501599,172.099155843447,77.9761893016661,10.0111111111111,9.1111317799472,4.1281511983235,0.843817957949642,23.4,10.6,0.233774053817374,1.3614347421281,0.3,73.4,46.0,22.0,32.0,10.5
Carter Capps,12803,NL,MIA,MR,0,50,0,196.681150025725,3.40188739054944,1.4986320645128,0,12,2.39,34.7655146196526,14.4945978435277,13.2977961867226,4.02438357474237,76.5761921903612,13.5823020727389,3.33333333333333,13.783714594265,2.444814373093,0.724389043453626,38.9,6.9,0.189872929340218,0.966956333847829,0.31,79.3,40.0,21.0,39.0,10.0
CC Sabathia,404,AL,NYY,S,26,155,155,659.712158064683,9.05954305968032,9.40162892697999,13,0,4.17,161.504488965747,78.1928553894031,71.736564577434,20.4076089552257,127.984158664549,43.5410024322691,5.16666666666667,7.4313382450383,2.52818723800272,1.18495793933568,19.4,6.6,0.2621097847399,1.32287413805172,0.305,71.9,45.5,22.0,32.5,13.0
Chad Bettis,10587,NL,COL,S,26,150,150,657.503566651071,8.51012927999279,9.35552102967848,12,0,4.40,159.600232377872,80.0075939089569,73.4014623017953,16.4952832253459,116.476080918571,58.0700009398651,4.83333333333333,6.98856485511424,3.4842000563919,0.989716993520754,17.7,8.8,0.266251744158692,1.45113488878491,0.31,70.7,48.0,22.0,30.0,11.5
Charlie Morton,4676,NL,PHI,S,28,165,165,717.983157413964,8.89315557841729,10.7590597622211,15,0,3.75,168.019070431998,74.9689095484929,68.7788160995348,12.0890394838856,123.184027839548,53.1307536486334,18.3333333333333,6.71912879124807,2.89804110810727,0.659402153666487,17.2,7.4,0.252716346485982,1.34030196412504,0.305,71.6,57.0,21.0,22.0,10.5
Chase Anderson,6895,NL,MIL,S,28,160,160,677.766335610889,9.09446696723825,9.96222669641111,14,0,3.98,157.22731619018,77.0735249425173,70.7096559105663,20.0785685122274,136.237738600147,51.2056860873752,5.33333333333333,7.66337279625826,2.88031984241485,1.12941947881279,20.1,7.6,0.250937106104171,1.30270626423472,0.295,72.8,42.0,22.0,36.0,11.5
Chris Archer,6345,AL,TB,S,32,200,200,823.813904821721,13.8922244176594,9.92864266190225,21,0,3.21,171.776646641009,77.7461720648943,71.3267633622883,18.0608964117595,212.645410469082,65.8150359584897,6.22222222222222,9.5690434711087,2.96167661813204,0.812740338529179,25.8,8.0,0.226618605511406,1.18795841299749,0.295,75.3,46.5,20.0,33.5,10.0
Chris Bassitt,12304,AL,OAK,S,24,135,135,584.827742249861,7.93240102941127,8.14668424929287,12,0,3.91,128.802676953729,63.8749750062725,58.6008945011674,13.6562072294555,109.589677571607,54.0250652961323,10.5,7.30597850477382,3.60167101974215,0.910413815297036,18.7,9.2,0.242656419317487,1.35427957222119,0.29,72.7,44.0,21.0,35.0,9.5
Chris Heston,10302,NL,SF,S,16,90,90,389.641980227495,5.17755959271152,5.54183059309124,8,0,3.89,89.1389217068292,42.4106933859939,38.9088930146733,8.17482156772343,72.0837663420866,33.3030585206658,6.2,7.20837663420866,3.33030585206658,0.817482156772343,18.5,8.5,0.25015207791465,1.36046644697217,0.3,72.1,51.0,21.0,28.0,10.5
Chris Sale,10603,AL,CHW,S,30,200,200,801.529850649757,15.1778495114791,8.6430175680826,23,0,2.89,161.739496728316,70.0191435200627,64.2377463486814,20.4346344086281,234.046716389729,47.1236872547736,12.6666666666667,10.5321022375378,2.12056592646481,0.919558548388266,29.2,5.9,0.214393127437421,1.04431591991545,0.29,77.0,44.0,21.0,35.0,11.5
Chris Tillman,5279,AL,BAL,S,32,190,190,813.093193274218,10.7036045692982,11.9262191562854,16,0,4.18,191.619551425733,96.1368844163826,88.1989765287913,24.0179817166728,140.66512243644,66.6736418484859,3.8,6.66308474698925,3.15822514019144,1.13769387078976,17.3,8.2,0.256718290751791,1.35943785933799,0.29,72.2,41.0,21.0,38.0,10.5
Chris Young,3196,AL,KC,S,20,140,115,572.617093385818,8.86216265149885,7.81244430419433,11,0,3.57,117.689874634795,60.6105111391745,55.6059735221784,19.8384466659443,96.1371447653052,47.5272187510229,1.4,6.18024502062676,3.0553212054229,1.27532871423928,16.8,8.3,0.224132820532199,1.18012209561299,0.24,76.1,23.5,18.5,58.0,8.0
Clay Buchholz,3543,AL,BOS,S,26,165,165,686.537741377071,11.6710180688991,7.98119727173934,17,0,3.48,158.107040820948,69.6397395355903,63.8896692987067,15.932187008031,138.726196819979,43.1473672227898,6.78333333333333,7.56688346290793,2.35349275760671,0.869028382256237,20.2,6.3,0.245740451166642,1.21972368511356,0.295,73.5,48.0,20.0,32.0,10.0
Clayton Kershaw,2036,NL,LAD,S,33,230,230,883.641321553961,20.4815304893339,6.912466652162,29,0,2.22,168.881477698485,61.7237709848208,56.6273128301108,15.3331826579483,272.16152703862,44.182066077698,3.57777777777778,10.6497988841199,1.72886345521427,0.599994104006674,30.8,5.0,0.201178885808664,0.926363233809491,0.28,79.0,48.0,20.0,32.0,8.5
Cody Allen,12183,AL,CLE,Cl,0,70,0,285.431535164638,4.3470930877254,2.51363414936173,0,34,3.00,55.7059063127626,25.4257635702544,23.3263885965636,5.95163023034154,89.6255020416962,25.4034066296527,1.32222222222222,11.5232788339324,3.26615228095535,0.765209601043912,31.4,8.9,0.214230308953932,1.15870447060593,0.305,76.5,34.0,22.0,44.0,8.0
Cody Anderson,12799,AL,CLE,S,13,75,75,319.670007213357,4.40265417649189,4.53017097834375,6,0,4.12,78.9051200706087,37.3906480745407,34.3033468573768,9.00172494150688,46.3572050287508,21.0982204760816,2.16666666666667,5.5628646034501,2.53178645712979,1.08020699298083,14.5,6.6,0.264275204743442,1.33337787395587,0.29,71.6,44.0,20.0,36.0,10.0
Colby Lewis,1259,AL,TEX,S,30,180,180,765.269152205419,10.4193017695877,11.0194786020179,15,0,4.30,187.011343941068,93.6922476682617,85.956190521341,28.1880783358361,133.156832483743,47.0578082643513,9.2,6.65784162418715,2.35289041321757,1.4094039167918,17.4,6.1,0.260384837302727,1.30038417891899,0.29,72.1,34.0,21.5,44.5,11.0
Cole Hamels,4972,AL,TEX,S,32,210,210,868.820863299293,14.6990870645448,10.3128233689949,22,0,3.43,194.480840518172,87.2406739888216,80.0373155860749,21.7133311165927,196.114935158937,56.4733561144541,8.86666666666667,8.40492579252586,2.42028669061946,0.930571333568258,22.6,6.5,0.239405967025293,1.19501998396489,0.295,74.2,46.5,21.0,32.5,11.0
Collin McHugh,7531,AL,HOU,S,32,200,200,834.234299698883,13.643063783372,10.1778032961897,20,0,3.61,190.56282384128,87.4844670725702,80.2609789656608,21.8229754600554,176.740362343174,55.8936980798252,7.77777777777778,7.95331630544283,2.51521641359213,0.982033895702493,21.2,6.7,0.244832176870746,1.23228260960553,0.295,73.6,44.0,21.0,35.0,10.5
Corey Kluber,2429,AL,CLE,S,32,220,220,888.20441554001,16.4998397434798,9.70311404403805,25,0,3.03,195.276991651167,80.6538630768531,73.9943697952781,19.9447252382808,228.891378369932,46.8607572221757,8.06666666666667,9.36373820604265,1.91703097727082,0.815920577929668,25.8,5.3,0.232101341372918,1.10062613124247,0.3,75.4,45.0,22.0,33.0,10.0
Corey Knebel,15010,NL,MIL,MR,0,60,0,248.309902923711,3.33885383888756,2.54176950718713,0,4,3.26,50.7210017849885,23.6647051561079,21.7107386753283,5.58252014543236,66.1266794715691,21.5222344720556,2.06666666666667,9.91900192073537,3.22833517080834,0.837378021814854,26.6,8.7,0.223649734270278,1.2040539376174,0.295,75.4,48.0,20.0,32.0,11.0
Craig Kimbrel,6655,AL,BOS,Cl,0,60,0,235.2829142816,4.55280952137956,1.32781382469512,0,42,2.18,36.9759718164955,15.8552070391846,14.5460615038391,3.78400178158027,81.9392529220275,22.3736091317709,1.93333333333333,12.2908879383041,3.35604136976563,0.567600267237041,34.8,9.5,0.17367006007781,0.989159682471106,0.265,80.5,45.5,20.0,34.5,8.5
Dallas Keuchel,9434,AL,HOU,S,32,215,215,879.649367234912,16.5975980967459,9.0098340137829,24,0,3.03,194.596252176322,78.9726023062559,72.4519287213357,14.6107589855887,182.84586149855,56.2975595030343,5.25555555555556,7.65401280691606,2.35664202570841,0.611613166838598,20.8,6.4,0.236346420022304,1.16694796129933,0.29,74.6,61.0,19.0,20.0,11.5
Daniel Hudson,7146,NL,ARI,MR,0,65,0,269.791592308677,3.45404717261242,2.91662811896849,0,0,3.50,58.6139739274278,27.5173715807349,25.2452950281971,6.75433930365737,64.564263017769,21.5942850479157,1.08333333333333,8.93966718707571,2.98997792971141,0.935216211275636,23.9,8.0,0.236158782600517,1.23397321500528,0.295,74.5,43.0,20.0,37.0,10.0
Daniel Norris,13475,AL,DET,S,29,165,165,716.881242288672,9.29257616471415,10.3596391759242,13,0,4.27,158.592344244421,85.3550534628471,78.3073884980249,20.8269603472756,141.212335975955,74.8388980442509,4.95,7.7024910532339,4.08212171150459,1.1360160189423,19.7,10.4,0.247012281457944,1.41473480174953,0.29,72.5,40.0,20.0,40.0,10.5
Danny Duffy,3542,AL,KC,S,20,135,105,579.291395243243,7.76977274436917,8.30931253433497,8,0,3.98,130.674995856559,64.9916904509489,59.6254040834393,15.2495970800256,108.90678230573,50.5163993866848,6.6,7.26045215371532,3.36775995911232,1.01663980533504,18.8,8.7,0.247127789476655,1.34215848328328,0.29,72.7,38.0,21.0,41.0,9.0
Danny Salazar,5867,AL,CLE,S,31,190,190,783.061355415961,12.9673479142414,9.66247581134218,19,0,3.45,169.408987581707,79.3309806413562,72.7807161847305,21.4200246903914,197.331461564822,57.1634789453651,5.48888888888889,9.34727975833368,2.7077437395173,1.01463274849223,25.2,7.3,0.233378541352668,1.19248666593196,0.295,74.9,41.0,20.0,39.0,10.5
David Hernandez,4259,NL,PHI,Cl,0,60,0,250.480439652343,2.7405530653794,3.14007028069528,0,26,3.64,52.4119173140884,26.4589115335517,24.2742307647263,7.96436157253091,59.7062852359951,20.0685223382544,4,8.95594278539926,3.01027835073815,1.19465423587964,23.8,8.0,0.227470514221027,1.20800732753905,0.28,75.0,34.0,20.5,45.5,10.5
David Price,3184,AL,BOS,S,32,220,220,881.452248106916,17.0050291893416,9.19792459817628,25,0,3.06,196.910935917674,81.6274204097328,74.8875416603053,21.6442653208683,219.142363488989,42.8746455225749,3.66666666666667,8.96491487000409,1.75396277137806,0.885447217671885,24.9,4.9,0.234815400877428,1.08993446109204,0.295,75.5,42.0,21.0,37.0,9.5
David Robertson,8241,AL,CHW,Cl,0,65,0,258.017988319562,4.23219881795232,2.13847647362859,0,38,2.71,49.5882437238634,21.3095596246591,19.5500547015221,5.61381684602017,80.8384721266597,18.8464112623651,1.08333333333333,11.1930192175375,2.60950309786594,0.777297717141255,31.3,7.3,0.207333347607624,1.05284084594198,0.29,77.8,44.0,22.0,34.0,10.5
Dellin Betances,6216,AL,NYY,MR,0,80,0,315.734058934306,5.8972218711636,1.94360925693597,0,2,2.22,47.8141955689261,21.4894171063635,19.7150615654711,5.21561991479969,116.826073231436,32.8087522542689,3.11111111111111,13.1429332385365,3.69098462860525,0.586757240414965,37.0,10.4,0.168999359336207,1.00778684778994,0.27,80.7,47.0,21.0,32.0,10.0
Derek Holland,4141,AL,TEX,S,28,170,170,722.418783396947,10.2141637522461,10.0335732653814,15,0,4.13,172.950104373708,84.9687842028007,77.9530130300924,22.2804470159584,132.925056145038,52.1242345787942,4.34444444444444,7.03720885473732,2.75951830123028,1.17955307731545,18.4,7.2,0.258021051608804,1.3239666997206,0.295,72.3,42.0,20.0,38.0,11.0
Doug Fister,9425,AL,HOU,S,24,150,150,638.972899024339,9.27426115926544,8.59138915040583,14,0,4.07,160.940668709382,73.903260965684,67.8011568492514,18.2230229876668,93.9290161565778,33.86556364829,9.16666666666667,5.63574096939467,2.0319338188974,1.09338137926001,14.7,5.3,0.265970447390734,1.29870821571782,0.295,71.4,47.0,20.0,33.0,11.0
Drew Hutchison,10732,AL,TOR,S,16,95,95,403.910663374313,6.04871678587394,5.26619507691786,8,0,4.05,93.0506969545727,46.6300184721351,42.7798334606744,12.9251058973356,84.0134179818571,30.2932997530735,5.06666666666667,7.95916591407067,2.86989155555433,1.22448371658969,20.8,7.5,0.249053459541309,1.29835786008049,0.295,72.9,39.0,21.5,39.5,11.5
Drew Smyly,11760,AL,TB,S,26,150,150,610.517946032494,10.0406108692785,7.82503944039276,15,0,3.37,129.450135972122,61.1510874710776,56.1019151110804,17.8140980055118,154.93064159254,44.567810060372,1.5,9.2958384955524,2.67406860362232,1.06884588033071,25.4,7.3,0.228730638521303,1.16011964021662,0.285,75.7,37.0,19.5,43.5,10.0
Drew Storen,6983,AL,TOR,Cl,0,60,0,246.066780833978,3.80328951187334,2.07733383420134,0,20,3.14,51.7548396231003,22.794851020133,20.9127073579202,5.58090395356762,58.1601263027513,16.9786078775445,3.33333333333333,8.72401894541269,2.54679118163167,0.837135593035143,23.6,6.9,0.225916680705043,1.14555745834408,0.285,75.4,43.0,20.0,37.0,9.0
Edinson Volquez,3990,AL,KC,S,32,190,190,817.40586251071,11.0828089639346,11.547014761649,17,0,3.92,186.029702165323,90.1672029024291,82.7222044976413,18.7459077632269,151.220084564481,71.9317159009425,8.44444444444444,7.16305663726491,3.40729180583412,0.887964051942329,18.5,8.8,0.249545477883224,1.35769167403298,0.295,72.4,48.0,20.0,32.0,10.0
Eduardo Rodriguez,13164,AL,BOS,S,28,165,165,701.144267399527,10.5527968471278,9.09941849351064,15,0,3.96,163.758421926452,79.1005553177995,72.5693168053206,19.2447927673329,133.136920145157,53.3858454730757,5.5,7.26201382609948,2.91195520762231,1.04971596912725,19.0,7.6,0.252807862288273,1.31602586302744,0.295,72.6,43.0,21.0,36.0,10.5
Erasmo Ramirez,10314,AL,TB,S,30,170,170,716.081968514398,10.4741240647663,9.77361295286115,15,0,3.72,165.395896610114,76.5129482482159,70.1953653653357,18.7242418953758,133.907328112192,47.8638496820614,9.82222222222222,7.08921148829254,2.53396851257972,0.991283394461072,18.7,6.7,0.247517826812496,1.25446909583633,0.29,73.1,45.5,20.5,34.0,10.5
Erik Johnson,12520,AL,CHW,S,12,70,70,305.755128278138,3.78903152725479,4.54827195059181,6,0,4.35,68.7154429875777,36.9174393725486,33.8692104335308,9.06361984343189,60.4422531639904,30.7730186238934,3.26666666666667,7.77114683537019,3.95653096592915,1.16532255129839,19.8,10.1,0.249890594969901,1.42126373730673,0.295,72.1,40.0,21.0,39.0,11.0
Ervin Santana,3200,AL,MIN,S,31,190,190,806.914305749038,11.6296701601354,11.0001535654482,17,0,3.97,188.715237539696,91.2417572950643,83.7080342156553,22.0775406740087,143.024949052973,62.1324015426759,5.06666666666667,6.77486600777242,2.94311375728465,1.04577824245304,17.7,7.7,0.253383220609784,1.32025073201248,0.29,72.6,42.5,20.5,37.0,10.0
Felix Hernandez,4772,AL,SEA,S,32,215,215,878.671857534687,15.6622037240724,9.94522838645644,24,0,3.09,192.324853461599,80.3474091925551,73.7132194427111,16.822976327602,204.080259730617,57.1136707397547,5.73333333333333,8.54289459337467,2.39080482166415,0.704217613713572,23.2,6.5,0.234097665330192,1.16017918233188,0.295,74.9,54.5,18.0,27.5,10.0
Fernando Rodney,494,NL,SD,Cl,0,60,0,256.205823384621,2.81366798770133,3.06695535837335,0,24,3.51,52.339496066056,25.5009887722449,23.3954025433439,5.04396043039409,58.2074817195864,26.1329939852313,3.73333333333333,8.73112225793795,3.9199490977847,0.756594064559114,22.7,10.2,0.227490991451227,1.30787483418812,0.29,74.2,50.0,20.0,30.0,10.0
Francisco Liriano,3201,NL,PIT,S,30,180,180,754.019925536712,12.1311563849335,9.30762398667198,18,0,3.35,154.552267385029,72.9521711268394,66.9285973640728,15.0299949969338,188.56541683523,72.6676581516828,4.8,9.42827084176149,3.63338290758414,0.751499749846691,25.0,9.6,0.226831662244535,1.2623329196484,0.295,74.8,51.0,21.0,28.0,11.0
Francisco Rodriguez,1642,AL,DET,Cl,0,60,0,242.022250729457,3.62216652337877,2.25845682269592,0,32,3.10,51.0496686586184,22.5545616468864,20.6922583916389,6.03138045272632,63.7828116338504,16.2392487375051,0.733333333333333,9.56742174507756,2.43588731062577,0.904707067908949,26.4,6.7,0.226100584225725,1.12148195660206,0.29,76.0,44.0,22.0,34.0,11.0
Garrett Richards,9784,AL,LAA,S,32,205,205,854.232460175966,13.9115603327929,10.5048284237578,22,0,3.34,185.24390661952,82.9972527399333,76.1442685687461,16.7381869928571,181.951514017481,69.4774424453346,5.01111111111111,7.98811524954793,3.05022918052688,0.734847233832751,21.3,8.1,0.236053166190911,1.24254316617002,0.29,74.2,53.0,19.0,28.0,10.0
Gerrit Cole,13125,NL,PIT,S,32,205,205,842.86066405787,14.5998954282872,9.81649332826351,22,0,3.11,186.308858441837,77.2715418983455,70.8913228425188,15.7740331700521,196.585407699168,52.2573611715879,9.79444444444444,8.63057887459763,2.29422561241118,0.69251852941692,23.3,6.2,0.235654035040928,1.16373765665085,0.3,74.5,49.0,21.0,30.0,9.0
Gio Gonzalez,7448,NL,WAS,S,31,185,185,775.203961032023,12.5819411801591,9.45236086843551,18,0,3.41,166.310819122717,76.3478093050913,70.0438617477902,15.1909001812037,175.349007275367,68.2820307981946,4.11111111111111,8.53049224582865,3.32182852531757,0.739016765572072,22.6,8.8,0.235260517477095,1.26806945903195,0.295,74.2,48.5,19.5,32.0,9.0
Glen Perkins,8041,AL,MIN,Cl,0,60,0,243.482130938803,3.4258240550698,2.45479929100489,0,32,3.40,56.1283219870734,24.7365036446867,22.694040040997,7.2622208910911,57.2183007706186,11.6871422850625,1.66666666666667,8.58274511559279,1.75307134275938,1.08933313366367,23.5,4.8,0.242146399769319,1.13025773786893,0.295,74.7,37.0,21.0,42.0,10.0
Hector Rondon,2391,NL,CHC,Cl,0,65,0,261.628314100161,4.36303709894102,2.00763819263989,0,34,2.76,54.5512858674066,21.7371412314945,19.9423314050409,4.44342109041502,62.7907953840387,16.4825837883102,2.09444444444444,8.69411013009766,2.28220390915064,0.61524292021131,24.0,6.3,0.222525947313101,1.0928287639341,0.285,76.1,50.0,21.0,29.0,8.5
Hector Santiago,4026,AL,LAA,S,26,145,145,622.039753813888,8.19696147001588,9.07316716266634,12,0,4.12,133.185269386179,72.4332034549405,66.4524802338904,20.699309185241,131.25038805473,60.2989288721535,8.05555555555556,8.14657581029361,3.74269213689228,1.28478470804944,21.1,9.7,0.23709380460285,1.33437378109195,0.28,73.6,31.5,19.5,49.0,10.0
Henderson Alvarez,5669,AL,OAK,S,14,80,80,341.902297764069,4.74850538966277,4.77984144216191,7,0,3.86,88.0945238951764,37.4365600726073,34.3454679565205,6.48260721850891,41.5721944211093,17.9855516466704,3.82222222222222,4.67687187237479,2.02337456025042,0.729293312082253,12.2,5.3,0.271966562245127,1.32600094427309,0.3,70.8,54.5,21.0,24.5,9.5
Hisashi Iwakuma,13048,AL,SEA,S,27,175,175,707.008393462881,11.80852991927,9.03472877534648,18,0,3.42,165.943015757052,72.4525291505257,66.4702102298401,21.3103713659158,144.64968161522,31.8153777058297,1.75,7.43912648306848,1.63621942487124,1.09596195596138,20.5,4.5,0.245771226722466,1.13004796264504,0.285,74.6,50.0,19.0,31.0,13.0
Homer Bailey,8362,NL,CIN,S,14,80,80,339.282576122463,4.50352788466473,5.02481894715995,7,0,3.90,79.0696870309487,37.7499285340057,34.6329619578034,9.32603053358032,65.324481930018,24.4795557581811,3.73333333333333,7.34900421712703,2.75395002279538,1.04917843502779,19.3,7.2,0.251171945362695,1.29436553486412,0.295,72.7,47.0,20.0,33.0,11.5
Hunter Strickland,7836,NL,SF,MR,0,60,0,235.829061558167,3.89218815404024,1.98843519203444,0,6,2.59,47.9709418135923,18.8319292670511,17.2769993275698,4.94833561873175,63.3704412132157,11.7914530779084,2.06666666666667,9.50556618198235,1.76871796168626,0.742250342809763,26.9,5.0,0.214120040554795,0.996039914858345,0.28,77.5,41.0,20.0,39.0,8.0
Huston Street,8258,AL,LAA,Cl,0,60,0,238.209747495337,3.60432713831067,2.27629620776401,0,34,3.03,48.8182319644343,22.0200878788705,20.2019154852023,6.81842395613198,54.4620848994472,15.3915155309027,0,8.16931273491708,2.30872732963541,1.0227635934198,22.9,6.5,0.219094422992399,1.07016245825562,0.26,77.2,35.0,20.0,45.0,9.0
Hyun-Jin Ryu,14444,NL,LAD,S,19,115,115,473.79145710704,7.95601191496012,5.74098665578785,12,0,3.36,109.638608988626,46.8546161113027,42.9858863406447,10.0713474708574,95.5511207795702,29.3750703406365,1.27777777777778,7.47791380014028,2.29891854839764,0.788192410762752,20.2,6.2,0.246702444494367,1.20881460286315,0.295,73.8,49.0,20.5,30.5,9.5
Ian Kennedy,6986,AL,KC,S,32,195,195,816.577382674777,12.0944141887672,11.1309312138055,19,0,3.66,180.601984495178,86.4428230946304,79.3053422886517,22.4300913001604,178.251571832889,62.2420648462663,8.23333333333333,8.2269956230564,2.87271068521229,1.03523498308433,21.8,7.6,0.239418704423217,1.24535409918689,0.29,74.0,38.5,22.0,39.5,10.0
Ivan Nova,1994,AL,NYY,S,22,130,130,568.092332498368,7.53353812891511,7.95002547279999,11,0,4.20,136.415994923252,66.1873091489931,60.7223019715533,14.1482808466393,91.7086671545703,43.8430042417823,10.8333333333333,6.34906157223948,3.03528490904646,0.979496366305796,16.1,7.7,0.26021205478109,1.38660768588488,0.3,71.1,49.5,20.0,30.5,11.0
J.A. Happ,7410,AL,TOR,S,29,160,160,675.909499971017,10.1041220047141,8.95257165893529,13,0,4.09,160.182743193857,79.2950948775698,72.7477934656604,21.6184304660135,132.854778057188,49.4156456660485,2.31111111111111,7.47308126571681,2.77963006871523,1.21603671371326,19.7,7.3,0.255681268209029,1.30998993037441,0.295,72.7,40.0,20.0,40.0,11.0
J.J. Hoover,9037,NL,CIN,Cl,0,65,0,268.49073141,3.46521799723379,2.90545729434712,0,24,3.33,49.1881768621641,26.2157137605218,24.0511135417631,7.647631738287,63.8783646283687,28.99699899228,1.80555555555556,8.84469664085105,4.01496909123876,1.05890285607051,23.8,10.8,0.205383983812867,1.20284885929914,0.25,77.0,36.0,20.0,44.0,10.0
Jacob deGrom,10954,NL,NYM,S,32,205,205,821.115753279026,14.6134238244983,9.80296493205247,23,0,2.97,175.082221319026,73.8124592906792,67.7178525602561,18.9494987102785,212.244023957894,49.2557541822221,2.27777777777778,9.31803032010269,2.16244774458536,0.831929211670762,25.8,6.0,0.226831577648666,1.09433158781097,0.29,76.1,45.0,21.0,34.0,10.0
Jaime Garcia,8137,NL,STL,S,26,160,160,664.863594112148,10.8489669977695,8.20772666587988,17,0,3.30,156.040248204641,64.0407717521819,58.7530016075063,11.037056470582,125.659219287196,40.5566792408411,4.26666666666667,7.06833108490478,2.28131320729731,0.620834426470235,18.9,6.1,0.249941566379745,1.22873079653426,0.3,73.2,58.0,18.5,23.5,9.5
Jake Arrieta,4153,NL,CHC,S,32,205,205,827.649592710069,16.3156584459069,8.10073031064385,23,0,2.88,169.064121220365,71.4804784983815,65.578420640717,16.5505747645976,211.878295733778,57.9354714897049,6.15,9.3019739590439,2.54350850442607,0.726610599421358,25.6,7.0,0.219645341769639,1.10731508639058,0.285,76.3,49.0,21.0,30.0,10.0
Jake McGee,7550,NL,COL,Cl,0,60,0,239.235014397747,3.8739106535964,2.00671269247828,0,32,2.91,48.4573068096241,21.1657097536842,19.4180823428295,6.07373673684773,70.233328442513,15.3110409214558,1.46666666666667,10.5349992663769,2.29665613821837,0.91106051052716,29.4,6.4,0.216400709836255,1.062805795518,0.29,77.1,38.0,20.0,42.0,9.5
Jake Odorizzi,6397,AL,TB,S,31,185,185,767.262795101675,11.7569040594997,10.2773979890948,18,0,3.59,168.846459375262,80.3308471718144,73.6980249282701,21.7198729475196,167.392949839172,56.7774468375239,5.13888888888889,8.14344080298676,2.76214606236603,1.05664246771717,21.8,7.4,0.237649460031492,1.21958868223128,0.285,74.4,36.0,21.5,42.5,9.5
Jake Peavy,1051,NL,SF,S,28,170,170,709.145333714899,9.85531181192832,10.3924252056991,16,0,3.86,167.267211913464,79.4548597498434,72.8943667429756,22.4321831432916,129.641945366058,43.9670106903237,4.91111111111111,6.86339710761485,2.32766527184067,1.18758616640955,18.3,6.2,0.251462211144972,1.24255425061052,0.285,73.3,36.0,19.5,44.5,9.5
James Paxton,11828,AL,SEA,S,24,140,140,595.836340274202,8.85835292055209,7.8162540351411,13,0,3.70,132.272168732871,62.6857798118049,57.5098897356009,11.7672387510974,118.013641907964,56.008615985775,1.55555555555556,7.58659126551196,3.60055388479982,0.756465348284834,19.8,9.4,0.245026631240968,1.34486274799033,0.295,73.1,52.0,20.0,28.0,10.0
James Shields,7059,NL,SD,S,33,210,210,880.460678089033,11.4603848481391,13.5515255854007,21,0,3.67,198.320381921867,93.3362932290552,85.629626815647,23.3912894648326,190.94911802641,64.2736295004994,8.86666666666667,8.18353362970326,2.75458412144997,1.00248383420711,21.7,7.3,0.242983985429358,1.25044767343984,0.295,73.6,45.0,20.5,34.5,11.0
Jarred Cosart,10304,NL,MIA,S,30,175,175,760.007157229861,9.83499465852906,11.0082640360874,15,0,4.00,172.49426437103,84.6808085461496,77.6888151799538,14.5723717639087,130.093443091457,77.6795595254978,2.33333333333333,6.69051993041777,3.99494877559703,0.749436262143875,17.1,10.2,0.252802707894819,1.42956470798016,0.295,72.0,54.0,19.5,26.5,10.0
Jason Grilli,521,NL,ATL,Cl,0,50,0,206.514993187163,2.57742109718927,2.32309835787297,0,22,3.20,43.3669753920435,19.397914849665,17.796252155656,4.30059857540474,58.0458064403848,16.3146844617858,1.83333333333333,10.4482451592693,2.93664320312145,0.774107743572853,28.1,7.9,0.228006861201574,1.19363319707659,0.31,75.1,32.0,24.0,44.0,7.5
Jason Hammel,4538,NL,CHC,S,28,165,165,689.826957787401,10.9066826798912,8.74553266074721,15,0,3.75,158.281711906766,74.8684537098299,68.6866547796604,20.390778649741,148.96404086033,45.5285792139685,7.51666666666667,8.12531131965435,2.48337704803464,1.11222428998588,21.6,6.6,0.245665233951425,1.23521388558021,0.295,73.6,40.5,21.5,38.0,11.0
Jeff Locke,2929,NL,PIT,S,29,165,165,706.844300164556,9.70904661553609,9.94316872510231,14,0,3.92,167.16044475172,78.3713142502372,71.9002883029699,16.0111385071308,125.818285429291,55.1338554128354,6.05,6.86281556887041,3.00730120433647,0.873334827661682,17.8,7.8,0.256494960450424,1.34723818281549,0.3,72.0,51.0,21.0,28.0,11.0
Jeff Samardzija,3254,NL,SF,S,32,210,210,872.24347449842,13.2921945371231,11.7197158964167,22,0,3.50,199.209161558852,88.9578272153297,81.6126855186511,21.8106534904507,185.047633260261,54.2343129395683,9.8,7.93061285401118,2.32432769741007,0.934742292447887,21.2,6.2,0.243529254830381,1.20687368808772,0.295,73.8,44.5,20.5,35.0,10.0
Jerad Eickhoff,12664,NL,PHI,S,28,165,165,691.403567422933,8.77233581396391,10.8798795266745,15,0,3.80,156.757645231978,75.9993695340248,69.7241922330502,21.0515998360293,146.254164720264,49.3625888576216,6.78333333333333,7.97749989383258,2.69250484677936,1.14826908196523,21.2,7.1,0.244155202651184,1.24921353993697,0.29,73.7,38.0,21.0,41.0,10.5
Jered Weaver,4235,AL,LAA,S,30,185,185,779.166644770717,10.6287838438062,11.4055182047884,17,0,4.05,185.181717498867,90.8526937059601,83.3510951430827,26.9002507109055,119.21249664992,48.646038382961,8.83888888888889,5.79952686405015,2.36656402944134,1.3086608453954,15.3,6.2,0.253492804829346,1.26393381557745,0.275,72.9,33.0,20.0,47.0,9.5
Jeremy Hellickson,4371,NL,PHI,S,30,170,170,717.886858357457,8.59104640496854,11.6566906126589,14,0,4.00,167.192228808473,82.2649292937328,75.4724121960851,22.3821038444341,138.464866467352,52.4057406600943,5.28888888888889,7.33049293062453,2.77442156435793,1.18493490941122,19.3,7.3,0.251235120519988,1.29175276157981,0.29,72.9,40.5,20.5,39.0,11.0
Jeremy Jeffress,9490,NL,MIL,MR,0,65,0,276.112071000115,3.50449398276314,2.86618130881776,0,8,3.39,61.7844157136802,26.6669204489483,24.4650646320626,3.75031196127957,62.2988537447796,22.8665441753239,2.96111111111111,8.62599513389256,3.16613688581408,0.519273963869478,22.6,8.3,0.243970412778212,1.30232245983083,0.315,73.0,59.0,22.0,19.0,10.5
Jesse Chavez,5448,AL,TOR,S,8,85,46,358.989314721581,5.56743953497439,4.55642897383933,4,0,3.92,82.190292851498,40.3273923478383,36.9976076585673,10.4960350786799,75.1628754920789,27.9379107589719,2.36111111111111,7.958422110926,2.95813172742055,1.11134489068376,20.9,7.8,0.248270485694062,1.29562592482906,0.295,73.1,43.0,21.0,36.0,11.5
Jesse Hahn,13287,AL,OAK,S,26,155,155,660.452660144028,10.0292663399511,8.43190564670918,15,0,3.50,149.075583090715,65.7007949319087,60.2759586531272,11.1987230834414,119.997673541938,50.8548548310901,11.0222222222222,6.96760685082222,2.95286253857943,0.650248437103048,18.2,7.7,0.24454744060994,1.28987379304391,0.295,72.9,52.0,22.0,26.0,9.0
Jeurys Familia,5114,NL,NYM,Cl,0,75,0,300.571111234649,4.74868736430802,2.60209181828534,0,38,2.66,59.8972290036555,24.1637488969206,22.1685769696519,4.94405522110239,79.6350201595597,21.3405488976601,1.83333333333333,9.55620241914717,2.56086586771921,0.593286626532287,26.5,7.1,0.214508141595792,1.08317037201754,0.285,76.8,57.0,18.0,25.0,10.0
Jimmy Nelson,10547,NL,MIL,S,31,185,185,788.829203447512,11.221469566808,10.8128324817866,17,0,3.71,176.445029708492,83.0535841074904,76.1959487224683,18.295087365498,158.548442875218,62.3175070723535,13.5666666666667,7.71316749122682,3.0316625062226,0.890031277240445,20.1,7.9,0.242866055135578,1.29060830692349,0.295,73.1,50.0,20.0,30.0,11.0
Joaquin Benoit,1437,AL,SEA,MR,0,60,0,240.266983510593,3.6973865780614,2.18323676801329,0,6,2.96,46.3471427869777,21.5449878067192,19.7660438593754,6.43852086084703,63.3100486199771,18.5865073902823,1.33333333333333,9.49650729299656,2.78797610854235,0.965778129127054,26.3,7.7,0.20907182986121,1.08222750295433,0.265,77.6,40.0,19.0,41.0,10.0
Joe Kelly,9761,AL,BOS,S,20,135,110,582.705580361074,8.67297191187773,7.40611336682641,9,0,3.94,134.192900450022,64.3737297015464,59.0584676160976,12.853406312541,108.374513679211,50.1126799110524,6.9,7.22496757861405,3.34084532740349,0.8568937541694,18.6,8.6,0.251961489416464,1.36522652119314,0.3,72.1,50.5,21.5,28.0,11.0
Joe Ross,12972,NL,WAS,S,26,150,150,623.816799430522,9.94635201552184,7.91929829414943,14,0,3.52,143.435374134204,63.9114802375286,58.634385539017,14.8724093017729,127.756304383511,40.5480919629839,4.83333333333333,7.66537826301068,2.43288551777903,0.892344558106372,20.5,6.5,0.245916457196853,1.22655644064792,0.295,73.6,47.0,20.0,33.0,10.0
John Danks,6329,AL,CHW,S,28,165,165,712.395346928455,8.86176066866153,10.7904546719769,13,0,4.39,175.332362575488,87.7051114132475,80.4634049662821,21.9097958988796,111.846069467767,53.4296510196341,5.13333333333333,6.10069469824186,2.91434460107095,1.19507977630252,15.7,7.5,0.266072063635537,1.38643644603104,0.295,71.2,40.5,21.0,38.5,10.5
John Lackey,1507,NL,CHC,S,30,190,190,788.190926805504,12.8510418548854,9.77878187069817,19,0,3.64,188.886266199812,83.7664434569194,76.8499481256141,20.407507093592,148.364321458016,44.9268828279137,3.37777777777778,7.02778364801129,2.12811550237486,0.96667138864383,18.8,5.7,0.254130773216183,1.23059552119856,0.295,73.1,45.0,20.5,34.5,10.0
John Lamb,8493,NL,CIN,S,24,130,130,556.075791842431,6.96149180336223,8.52207179835287,10,0,4.10,122.572374548483,64.5503781426853,59.2205304061333,17.606855516754,126.150200280106,51.1589728495036,5.34444444444444,8.73347540400733,3.54177504342717,1.21893615115989,22.7,9.2,0.242757559142033,1.33639497998451,0.295,73.2,38.0,21.0,41.0,11.5
Johnny Cueto,6893,NL,SF,S,32,210,210,865.708114025606,14.074388931074,10.9375215024658,23,0,3.26,189.771378499916,82.9960131505961,76.1431313308221,19.4385725361473,181.673837669843,57.13673552569,9.8,7.78602161442183,2.44871723681529,0.833081680120599,21.0,6.6,0.234699599251195,1.17575292393146,0.285,74.6,45.0,20.0,35.0,9.0
Jon Gray,14916,NL,COL,S,28,150,150,640.65381415019,9.15744063346226,8.70820967620901,12,0,4.07,149.191965182942,73.8802628423169,67.7800576535017,18.7748415057869,130.693378086639,49.9618489672488,6.5,7.84160268519833,2.99771093803493,1.12649049034722,20.4,7.8,0.252571516080697,1.3276920943346,0.3,72.5,42.0,22.0,36.0,11.5
Jon Lester,4930,NL,CHC,S,32,205,205,841.706202450206,15.0967603694025,9.3196283871482,22,0,3.25,186.345299290943,80.568053535207,73.9156454451441,18.4958113440142,202.8511947905,54.7109031592634,6.15,8.90566221031462,2.40194208991888,0.812011229737208,24.1,6.5,0.236780701814654,1.17588391439125,0.3,74.6,47.5,20.5,32.0,10.0
Jon Niese,4424,NL,PIT,S,26,175,155,752.694489601072,9.91461679470181,10.9286418999147,14,0,4.08,187.7639587978,86.548950408115,79.4027067964358,17.7175968915162,120.017306475846,50.4305308032718,7,6.17231861875777,2.59357015559684,0.911190697277976,15.9,6.7,0.267369493258961,1.36111136914898,0.305,71.1,51.0,21.0,28.0,11.0
Jonathan Papelbon,5975,NL,WAS,Cl,0,65,0,262.737431986952,3.96218760182283,2.40848768975808,0,34,3.03,56.9577422640362,23.8780008223074,21.9064227727591,6.50615983998813,58.7673594810194,12.8741341673607,4.40555555555556,8.13701900506422,1.78257242317302,0.900852900921434,22.4,4.9,0.227955617175762,1.07433656048303,0.28,75.7,41.0,18.0,41.0,8.5
Jordan Lyles,7593,NL,COL,S,24,135,135,603.98817758348,7.29156689714928,8.78751838155486,10,0,4.63,150.941206133717,75.7363283456398,69.4828700418714,14.1411526620752,87.0095584018285,52.5469714497628,9,5.80063722678857,3.50313142998418,0.942743510805011,14.4,8.7,0.273721304202131,1.50731983395171,0.31,69.5,50.0,23.0,27.0,11.5
Jordan Zimmermann,4505,AL,DET,S,32,200,200,828.438860133711,12.8471848755163,10.9736822040454,20,0,3.69,202.793400218971,89.3765506518612,81.9968354604231,23.5282322660092,151.586632519194,38.7565710258513,6.88888888888889,6.82139846336373,1.74404569616331,1.05877045197041,18.3,4.7,0.256803784276428,1.20774985622411,0.295,72.9,43.0,21.5,35.5,10.5
Jorge de la Rosa,2047,NL,COL,S,30,170,170,733.083079816695,10.4363468068651,9.81139021076236,14,0,4.04,168.262286972302,83.205844075115,76.3356367661605,17.9085266097313,142.174559154002,65.9652372888378,5.85555555555556,7.52688842580013,3.49227726823259,0.948098467574012,19.4,9.0,0.252222735243774,1.377808966242,0.3,72.2,49.0,21.0,30.0,11.5
Jose Fernandez,11530,NL,MIA,S,28,175,175,694.699536198578,13.575504314747,7.26775437986945,20,0,2.66,139.984681365611,56.4671337136273,51.8047098290159,13.530943099341,205.29699838061,42.9370770551892,4.27777777777778,10.5581313452885,2.20819253426687,0.695877073680396,29.6,6.2,0.214778681100462,1.045267190976,0.295,77.1,45.0,21.0,34.0,9.0
Jose Quintana,11423,AL,CHW,S,32,200,200,837.513476937895,12.6877148705656,11.1331522089961,20,0,3.67,199.023725524981,88.7957928280309,81.4640301174595,19.7451706171996,171.480014226532,53.6008625240253,4.88888888888889,7.71660064019392,2.41203881358114,0.888532677773982,20.5,6.4,0.253885091100097,1.26312294024503,0.305,72.8,45.5,22.0,32.5,10.0
Josh Collmenter,7312,NL,ARI,MR,2,60,11,249.239042506887,2.89623508793108,2.98438825814361,1,0,3.90,60.2149894598342,28.3370819860438,25.997322922976,8.20042929190603,43.5073315085311,13.9573863803856,1.06666666666667,6.52609972627967,2.09360795705785,1.2300643937859,17.5,5.6,0.255927259486218,1.23620626400366,0.285,73.1,36.0,21.0,43.0,10.0
Josh Tomlin,9388,AL,CLE,S,24,150,150,614.744376634233,9.39558507668152,8.47006523298975,14,0,3.83,147.247581558844,69.5399133562471,63.7980856479331,22.626729546362,122.354704600265,29.8301284087232,2.66666666666667,7.34128227601592,1.78980770452339,1.35760377278172,19.9,4.9,0.251742169053938,1.18051806645045,0.285,74.0,38.0,21.0,41.0,12.0
Julio Teheran,6797,NL,ATL,S,32,200,200,830.946678675245,11.2007276717632,12.6201394077985,20,0,3.62,186.712613333536,87.7155136790004,80.4729483293581,24.0856193593343,172.005962485776,55.5673986750424,8.66666666666667,7.74026831185991,2.50053294037691,1.08385287117004,20.7,6.7,0.240801654299412,1.21140006004289,0.285,74.1,37.5,22.0,40.5,10.0
Jumbo Diaz,3397,NL,CIN,MR,0,60,0,250.833547938975,2.90507697106508,2.9755463750096,0,6,3.72,53.7553543556882,27.0122430463463,24.7818743544462,7.60368066673507,61.0079713132526,21.1448602499533,1.93333333333333,9.15119569698788,3.17172903749299,1.14055210001026,24.3,8.4,0.2340357067496,1.24833691009403,0.29,74.5,41.0,21.0,38.0,12.0
Justin Verlander,8700,AL,DET,S,32,205,205,850.078661592124,13.8078938198894,10.6084949366613,21,0,3.48,190.895298841305,86.4296592985963,79.2932654115562,20.4363849697563,177.169555693795,60.3555849730408,4.32777777777778,7.77817561582514,2.64975738906033,0.897207145013693,20.8,7.1,0.241724351855786,1.22561406738705,0.29,74.0,38.0,20.0,42.0,8.0
Ken Giles,12910,AL,HOU,Cl,0,65,0,260.90289033851,4.42788482829463,1.94279046328628,0,36,2.70,51.0806404560664,21.2402240513142,19.4864440837745,4.40273726732929,74.2196163310228,20.5278054379988,0.794444444444445,10.2765622612185,2.84231152218445,0.609609775476363,28.4,7.9,0.212503889399387,1.10166839837023,0.29,77.0,44.5,20.0,35.5,7.5
Kendall Graveman,15514,AL,OAK,S,28,165,165,712.756362149972,9.30703651000294,10.3451788306355,14,0,4.08,173.162464661915,81.5370030673131,74.804589970012,16.0320620981292,111.862394017834,55.0438974880574,6.05,6.10158512824546,3.0023944084395,0.874476114443412,15.7,7.7,0.263279888957139,1.38306886151498,0.3,71.3,52.0,21.0,27.0,11.0
Kenley Jansen,3096,NL,LAD,Cl,0,65,0,249.793068979642,4.57868889902115,1.79198639255976,0,38,2.40,44.4594345954191,18.9225752177713,17.3601607502489,6.50361497535591,88.4346573652879,14.6669677175563,2.16666666666667,12.2447987121168,2.03081091473856,0.90050053504928,35.4,5.9,0.189087618757655,0.90963695866116,0.275,80.4,35.0,20.0,45.0,10.0
Kenta Maeda,18498,NL,LAD,S,30,180,180,750.11476396787,11.2322052839004,10.2065750877051,17,0,3.82,180.857992893766,83.2415532213581,76.3683974507873,21.7945636336286,141.865363971537,44.2567710741043,3,7.09326819857685,2.21283855370522,1.08972818168143,18.9,5.9,0.25622433225175,1.25063757759928,0.295,72.9,43.0,20.0,37.0,10.5
Keone Kela,14696,AL,TEX,MR,0,65,0,269.693169268521,3.93284242636552,2.43783286521539,0,3,3.20,55.0359137706947,25.2265708513199,23.1436429828623,5.38452392069412,69.8415937483038,23.9905888311599,2.16666666666667,9.67037451899591,3.3217738381606,0.745549465942262,25.9,8.9,0.223994040570222,1.21579234772084,0.295,75.3,49.0,20.0,31.0,10.0
Kevin Gausman,14107,AL,BAL,S,28,165,165,687.554015221083,10.3129900981962,9.33922524244224,15,0,3.73,155.975018094723,74.49794595858,68.3467394115413,19.6117105732899,152.614807448779,50.8789971263601,2.2,8.32444404266069,2.77521802507419,1.06972966763399,22.2,7.4,0.244983725859834,1.25366069830959,0.295,73.8,43.0,20.0,37.0,11.0
Kevin Jepsen,6475,AL,MIN,0,0,65,0,273.800785599603,3.65226876414076,2.71840652744015,0,2,3.48,58.9163363455153,27.363192267119,25.1038461166229,5.24133385548208,60.2258415068697,25.2288936985321,1.15555555555556,8.33896267018195,3.49323143518137,0.725723149220596,22.0,9.2,0.237019302121913,1.29454200067765,0.295,73.9,45.0,20.0,35.0,8.0
Kris Medlen,9417,AL,KC,S,24,140,140,582.633079539268,8.98999481253081,7.68461214316237,13,0,3.51,135.784852273136,59.5927891527315,54.6722836263592,13.632471554058,106.937274791222,35.4037828216875,5.44444444444444,6.87453909372144,2.27595746710848,0.876373171332299,18.4,6.1,0.248131547575409,1.22277596496303,0.29,73.4,47.0,20.0,33.0,9.5
Kyle Gibson,10123,AL,MIN,S,32,190,190,809.211159634456,12.201429143233,10.4283945823506,18,0,3.75,187.140933530366,86.2987095887307,79.1731280630557,16.8433925096401,144.017740950468,64.7368927707565,6.33333333333333,6.82189299239058,3.06648439440426,0.797844908351374,17.8,8.0,0.251373273543421,1.32567277000591,0.295,72.5,53.5,19.5,27.0,10.5
Kyle Hendricks,12049,NL,CHC,S,29,170,170,708.102689788653,11.947470963968,8.30026605365944,17,0,3.46,163.975092378212,71.2927557025945,65.4061978922885,15.7774353046533,138.832717841157,43.1942640771078,7.93333333333333,7.34996741512009,2.28675515702335,0.835275986716939,19.6,6.1,0.246613046304437,1.21864327326658,0.295,73.4,50.0,21.0,29.0,10.5
Lance McCullers,14120,AL,HOU,S,25,145,145,616.174310849793,9.9992324220179,7.27089621066433,14,0,3.56,128.105555463416,62.5401032175726,57.3762414840116,12.9089865689297,145.199725184362,61.7687553863771,5.8,9.01239673558112,3.83392274811996,0.801247442209431,23.6,10.0,0.231068311276815,1.30947800586064,0.295,74.1,47.0,21.0,32.0,10.0
Lucas Giolito,sa657908,NL,WAS,S,13,75,75,314.965392629999,4.94509120329267,3.98773395154297,7,0,3.54,69.0580181365245,32.1800555386001,29.5229867326606,7.16043108260509,69.5752580575824,25.740707826808,2.66666666666667,8.34903096690989,3.08888493921696,0.859251729912611,22.1,8.2,0.238769447301901,1.26398301284443,0.295,73.9,47.0,20.0,33.0,10.0
Luis Severino,15890,AL,NYY,S,30,175,175,730.243084244169,11.8186575163344,9.02460117828206,17,0,3.52,158.295859726858,74.5875448933054,68.4289402690875,18.1970583554799,164.49948629766,58.4194467395336,6.02777777777778,8.45997358102253,3.00442868946173,0.93584871542468,22.5,8.0,0.235621152472126,1.23837317980795,0.29,74.3,47.0,20.0,33.0,11.0
Luke Gregerson,4090,AL,HOU,MR,0,65,0,255.505372452987,4.58239677592157,1.78827851565934,0,2,2.53,51.4079819743205,19.915861862635,18.2714329015,4.96509597621213,59.6867124203411,13.2862793675553,2.31111111111111,8.26431402743184,1.83963868166151,0.687474827475526,23.4,5.2,0.212237529748279,0.99529632833655,0.265,77.5,53.0,18.0,29.0,9.5
Madison Bumgarner,5524,NL,SF,S,32,215,215,865.987168218722,15.1056871651343,10.5017449453945,24,0,3.07,187.541886798474,79.9282596285934,73.3286785583425,21.3953223626095,216.727376725988,48.4952814202484,6.45,9.07230879318089,2.03003503619645,0.89561814541156,25.0,5.6,0.229411312610012,1.09784729404057,0.29,75.8,44.0,20.0,36.0,10.0
Marco Estrada,1118,AL,TOR,S,30,180,180,747.296724221917,11.5663607026383,9.87241966896723,16,0,4.01,167.449092975217,87.3947748251816,80.1786925001666,29.6290782389142,139.744487429499,53.8476312467,4,6.98722437147493,2.692381562335,1.48145391194571,18.7,7.2,0.241472798322921,1.22942624567732,0.265,74.5,33.0,18.0,49.0,11.0
Marcus Stroman,13431,AL,TOR,S,32,195,195,807.498391558596,14.332237180451,8.89310822212167,20,0,3.36,184.527662773954,79.4612986693446,72.900274008573,16.7452751602666,164.528531296102,52.4873954513088,4.98333333333333,7.59362452135856,2.42249517467579,0.772858853550765,20.4,6.5,0.244403940770861,1.21546183705263,0.295,73.8,55.0,19.0,26.0,11.0
Mark Melancon,4264,NL,PIT,Cl,0,70,0,276.892649154703,4.76907092026843,2.09165631681871,0,38,2.46,58.1035722525238,20.8647488381609,19.1419714111568,3.70779541321508,59.5929519690953,13.8446324577352,1.94444444444444,7.66195096745511,1.78002417313738,0.476716553127654,21.5,5.0,0.220885802455828,1.02783149586084,0.275,76.5,57.0,20.0,23.0,8.0
Martin Perez,6902,AL,TEX,S,28,165,165,710.161967636449,10.0678057442497,9.58440959638868,14,0,4.06,176.680305966625,81.0605716280576,74.3674969064748,15.1574093368425,110.439628991152,51.1316616698243,3.85,6.02397976315372,2.78899972744496,0.826767782009593,15.6,7.2,0.268091322002986,1.38067859173606,0.305,71.0,53.0,20.5,26.5,10.5
Masahiro Tanaka,15764,AL,NYY,S,28,180,180,730.117663984014,12.7946586734418,8.64412169816373,19,0,3.29,168.411780784813,71.7278387592116,65.8053566598272,18.8027815509877,164.459849288654,36.5058831992007,3.2,8.22299246443271,1.82529415996004,0.940139077549385,22.5,5.0,0.242804095100947,1.13843146657786,0.295,74.6,47.0,20.5,32.5,11.0
Mat Latos,3815,AL,CHW,S,25,150,150,629.760512096098,9.15594040756516,8.70970990210611,14,0,3.83,149.862984964422,69.6178622904765,63.8695984316298,17.1620895268282,117.867351581343,41.5641937983425,3.33333333333333,7.07204109488059,2.49385162790055,1.02972537160969,18.7,6.6,0.254783956142614,1.27618119175176,0.295,72.8,44.0,21.0,35.0,10.5
Matt Cain,4732,NL,SF,S,22,135,135,566.436337191392,7.82703694492505,8.25204833377909,13,0,3.86,130.267457653555,63.0899481233349,57.8806863516834,17.2556402293737,100.898183766391,40.168879537837,4.5,6.72654558442609,2.67792530252247,1.15037601529158,17.8,7.1,0.24753090041777,1.2624913866029,0.28,73.4,39.0,20.0,41.0,10.0
Matt Garza,3340,NL,MIL,S,27,160,160,681.759005908622,8.84870031528805,10.2079933483613,14,0,4.09,162.893747132142,79.2971933106508,72.7497186336246,19.4678108743413,121.236321824577,51.1319254431467,3.73333333333333,6.81954310263244,2.876170806177,1.0950643616817,17.8,7.5,0.258304396017862,1.33766045359556,0.295,72.1,44.0,21.0,35.0,11.0
Matt Harvey,11713,NL,NYM,S,32,210,210,840.920132088158,14.9334564820219,10.0784539515179,24,0,2.98,181.377111622064,75.8645914694345,69.6005426325087,20.1626136470454,214.302435992195,45.4096871327605,5.13333333333333,9.18439011395123,1.94612944854688,0.864112013444803,25.5,5.4,0.228000917866306,1.07993713692774,0.29,76.0,46.0,19.0,35.0,10.0
Matt Moore,1890,AL,TB,S,27,150,150,634.010660583913,9.17198006645883,8.69367024321244,13,0,3.75,136.616367798028,68.0949629298872,62.4724430549424,17.0088549860138,134.932029261088,57.0609594525522,5.33333333333333,8.09592175566527,3.42365756715313,1.02053129916083,21.3,9.0,0.236790776613857,1.29118218167053,0.285,73.9,39.0,20.0,41.0,9.5
Matthew Wisler,12804,NL,ATL,S,28,160,160,678.618189395919,7.90168190737419,11.1550117562752,13,0,4.10,163.215374588159,79.4283435277888,72.8700399337512,20.9702934978989,115.744801468673,46.7805925855373,4.62222222222222,6.51064508261288,2.63140833293647,1.17957900925681,17.1,6.9,0.258318554343864,1.3124747948356,0.29,72.3,38.0,21.0,41.0,10.0
Max Scherzer,3137,NL,WAS,S,33,220,220,871.785476591446,16.6010458745869,9.60190791293098,25,0,2.95,180.27912613007,78.6404749972934,72.147224768159,24.4391043104479,256.460636234717,48.6174615724864,4.88888888888889,10.4915714823293,1.98889615523808,0.999781539972867,29.4,5.6,0.219006476005896,1.04043903501162,0.29,77.2,36.5,20.0,43.5,10.0
Michael Lorenzen,14843,NL,CIN,S,28,155,155,678.662230509013,7.64025970915177,10.8209122775085,12,0,4.44,157.864496650635,83.3824083016989,76.4976222951366,20.425460889457,121.04399928261,63.0310671917115,8.26666666666667,7.02836124866765,3.65986841758325,1.1859945032588,17.8,9.3,0.256427072014985,1.42513266995062,0.295,71.5,45.0,20.0,35.0,12.0
Michael Pineda,5372,AL,NYY,S,28,170,170,686.318215397228,12.0997844488893,8.14795256873815,18,0,3.28,158.914244155622,67.6212543124498,62.0378479930732,18.675507864419,157.853189541362,31.5706379082725,2.83333333333333,8.35693356395448,1.6713867127909,0.988703357528065,23.0,4.6,0.242710701985457,1.1204993062582,0.295,74.8,44.0,20.0,36.0,10.5
Michael Wacha,14078,NL,STL,S,31,190,190,787.666550939899,12.5853995564067,10.0444241691769,19,0,3.40,174.043448161115,78.31597548128,71.8495187901651,18.2087958032419,169.47378215831,56.7119916676727,5.91111111111111,8.02770547065679,2.68635750004766,0.862521906469355,21.5,7.2,0.238104333509324,1.21450231488836,0.29,74.3,44.5,21.0,34.5,9.5
Miguel Gonzalez,7024,AL,BAL,S,26,155,155,663.827254387633,8.43967017536825,10.0215018112921,13,0,4.33,157.306020552405,81.2179437148363,74.5118749677397,23.1171121259445,112.850633245898,50.8212338352281,6.2,6.55261741427793,2.95091035172292,1.34228392989355,17.0,7.7,0.256614152680997,1.34275647992021,0.285,72.2,39.0,22.0,39.0,12.0
Mike Fiers,7754,AL,HOU,S,24,140,140,578.29719969044,9.60077297480597,7.07383398088721,13,0,3.59,125.235501402855,60.8226782099467,55.8006222109603,17.4481390062787,135.586090829642,43.9505871764734,3.11111111111111,8.71624869619125,2.82539488991615,1.12166607897506,23.4,7.6,0.23437128348892,1.20847206128092,0.285,74.9,37.0,21.0,42.0,10.5
Mike Leake,10130,NL,STL,S,31,195,195,826.512317099608,11.0853081130348,12.1400372895379,18,0,4.05,206.110369616222,95.6387053281075,87.7419314936766,23.7804660225602,129.762433784638,47.7519474833859,7.15,5.98903540544485,2.20393603769474,1.09755997027201,15.7,5.8,0.264664687184576,1.30185803640825,0.295,71.7,50.5,21.0,28.5,13.0
Mike Pelfrey,5203,AL,DET,S,26,145,145,638.03277885757,8.14190505583595,9.12822357684627,11,0,4.28,161.141431554364,75.2420126383841,69.0293693930129,12.7798106761992,82.4300770153307,47.8524584143178,8.53888888888889,5.11634960784811,2.97015259123352,0.793229628177884,12.9,7.5,0.273037622524145,1.4413371721978,0.305,70.0,47.0,21.0,32.0,8.0
Nate Karns,12638,AL,SEA,S,15,85,85,360.366427702827,5.19856472064698,4.92530378816674,7,0,3.84,78.2660412080584,39.5767453826085,36.3089407179895,10.4000963535015,80.3454453560847,31.6337198281021,3.96666666666667,8.50716480240897,3.3494526876814,1.10118667272369,22.3,8.8,0.238084131372423,1.2929383651313,0.29,73.8,42.0,21.0,37.0,11.5
Nathan Eovaldi,9132,AL,NYY,S,28,165,165,704.965444918861,10.4228950229178,9.22932031772061,15,0,3.82,169.559703216613,76.2875526971377,69.9885804560896,13.4920330050505,131.123572754908,52.8724083689146,4.03333333333333,7.15219487754045,2.88394954739534,0.735929073002755,18.6,7.5,0.260023790644521,1.34807340354865,0.31,71.8,49.0,22.0,29.0,9.0
Noah Syndergaard,11762,NL,NYM,S,31,195,195,793.62527144912,13.2310986892585,9.9942467133141,21,0,3.17,169.825419657247,74.9434843364603,68.7554902169361,18.9361772996522,204.900285213207,53.9665184585402,4.33333333333333,9.45693624060953,2.49076239039416,0.873977413830103,25.8,6.8,0.229599689006059,1.14765096469634,0.295,75.4,46.0,20.0,34.0,10.5
Patrick Corbin,9323,NL,ARI,S,29,170,170,704.755120701234,10.8276755526623,9.42006146496519,16,0,3.55,167.239178697718,73.1587925259354,67.1181582806747,17.8712357307549,144.474799743753,38.0937197812938,6.42222222222222,7.64866586878692,2.01672634136261,0.946124244569376,20.5,5.4,0.250860749500333,1.2078405792883,0.3,73.3,47.0,21.5,31.5,11.0
Phil Hughes,7450,AL,MIN,S,30,185,185,769.824372382849,11.1999456852014,10.8343563633932,17,0,4.01,199.101161057219,89.9439849979715,82.5174174293317,25.6612565426287,131.806889465955,29.9065446589635,4.31666666666667,6.41222705510054,1.45491298340904,1.24838545342518,17.1,3.9,0.269085503277693,1.23787949035774,0.3,72.0,35.5,22.0,42.5,10.0
R.A. Dickey,1245,AL,TOR,S,32,205,205,864.530876903655,13.4373532271161,10.9790355294346,20,0,3.91,198.580382187065,97.1717936807999,89.1484345695412,27.1880905174148,142.647594689103,60.5171613832558,10.9333333333333,6.26257732781428,2.65685098755757,1.19362348613041,16.5,7.0,0.246986311742871,1.26389045644059,0.275,73.3,42.0,20.0,38.0,11.0
Raisel Iglesias,17130,NL,CIN,S,29,170,170,710.759725959651,10.515856009526,9.73188100810148,16,0,3.52,153.839477672662,72.3854403330569,66.4086608560155,18.1449012879453,168.712961521271,54.4758038425446,9.44444444444444,8.93186266877318,2.8840131446053,0.960612421126514,23.7,7.7,0.234409944367357,1.22538400891298,0.295,74.3,46.0,21.0,33.0,11.5
Rich Hill,4806,AL,OAK,S,26,155,155,639.244421107817,10.5955605750426,7.86561141161772,16,0,3.27,134.947527449467,61.3583831623451,56.2920946443533,15.3952053117658,156.802935455972,46.8746714361272,7.92222222222222,9.10468657486291,2.72175511564609,0.89391514713479,24.5,7.3,0.227809619792806,1.17304644442319,0.29,75.2,44.0,20.0,36.0,10.0
Rick Porcello,2717,AL,BOS,S,30,180,180,759.970424473672,11.6216619051707,9.8171184664348,16,0,3.91,189.052110278673,85.3220641108909,78.2771230375146,19.8259692672424,136.386334416576,43.3183141949993,5.6,6.81931672082879,2.16591570974997,0.991298463362118,17.9,5.7,0.263799000333871,1.29094680263151,0.305,71.9,48.5,21.5,30.0,11.5
Ricky Nolasco,3830,AL,MIN,S,26,150,150,650.972091606682,8.50003079740516,9.36561951226611,12,0,4.31,165.055017285821,78.3342053621852,71.866243451546,16.5889343099646,112.145184639804,44.9170743208611,6,6.72871107838824,2.69502445925166,0.995336058597875,17.2,6.9,0.272343289929369,1.39981394404455,0.315,70.5,43.0,23.0,34.0,10.0
Robbie Ray,11486,NL,ARI,S,26,150,150,651.556199675139,8.2671255712827,9.59852473838857,12,0,4.16,147.733733083808,75.6436195186965,69.3978160721987,17.2874776045113,137.753614563569,61.1557999246636,7.66666666666667,8.26521687381414,3.66934799547982,1.03724865627068,21.1,9.4,0.250226343251539,1.39259688672315,0.305,72.1,42.0,21.0,37.0,10.5
Roberto Osuna,13764,AL,TOR,MR,0,70,0,282.568805684878,4.42629648684122,2.43443075024591,0,14,3.15,57.3585869391764,26.6954596056686,24.4912473446501,7.89008170297249,75.7952722497614,20.6546631901458,1.55555555555556,9.74510643211218,2.65559955301874,1.01443907609646,26.8,7.3,0.218997669972442,1.11447500184746,0.28,76.6,35.0,20.0,45.0,9.5
Roenis Elias,12673,AL,BOS,S,13,105,73,448.45905235996,7.05063546298694,5.45531975378295,7,0,3.73,98.1305497211203,47.4275815856644,43.5115427391416,10.7439406905113,95.6608157065108,38.2451693055061,7.58333333333333,8.1994984891295,3.27815736904338,0.920909202043828,21.3,8.5,0.239218012297487,1.29881637168216,0.295,73.3,45.0,20.0,35.0,10.0
Rubby de la Rosa,3862,NL,ARI,S,32,190,190,806.036905039308,11.0123765559788,11.6174471696048,17,0,3.95,186.715545096758,90.9005154736384,83.3949683244389,22.2617207696277,157.983233387704,63.6769154981053,4.64444444444444,7.48341631836495,3.0162749446471,1.05450256277184,19.6,7.9,0.251516175073165,1.31785505576244,0.295,72.8,48.0,20.0,32.0,12.0
Ryan Vogelsong,1011,NL,PIT,S,18,100,100,434.764803639983,5.45184181194796,6.45859172783288,8,0,4.25,101.207038961017,51.4545677884735,47.2060254940124,11.6625206458029,76.0037782636419,39.3355424567441,4.22222222222222,6.84034004372777,3.54019882110697,1.04962685812226,17.5,9.0,0.255942209886481,1.40542581417761,0.295,71.7,42.0,21.0,37.0,10.0
Santiago Casilla,2873,NL,SF,Cl,0,60,0,252.178130194472,3.24654139603461,2.63408195004007,0,28,3.34,52.9487651436365,24.2814340580071,22.276545007346,4.69981450194423,49.9312697785055,22.6960317175025,2.53333333333333,7.48969046677583,3.40440475762538,0.704972175291634,19.8,9.0,0.230731571199007,1.26074661435232,0.28,74.4,51.5,19.0,29.5,9.0
Scott Feldman,6283,AL,HOU,S,25,150,150,647.181466603011,9.03740100349304,8.82824930617823,13,0,4.19,158.603886207657,76.0898574029661,69.8072086265744,16.9520563053315,96.4761353181704,47.2442470620198,6.33333333333333,5.78856811909022,2.83465482372119,1.01712337831989,14.9,7.3,0.264367472198182,1.37232088846451,0.295,71.3,48.0,21.0,31.0,11.0
Scott Kazmir,4897,NL,LAD,S,29,175,175,725.984275024709,11.670464673959,9.17279402065747,17,0,3.53,161.880122086689,74.7290574580782,68.5587683101635,18.9381367730341,157.538587680362,51.3541529380198,5.25,8.10198450927575,2.64107072252673,0.97396131975604,21.7,7.1,0.239953889971559,1.21848157156976,0.29,74.2,43.0,20.0,37.0,10.0
Sean Doolittle,1581,AL,OAK,Cl,0,55,0,215.495145305609,3.55558001443294,1.83499138613552,0,28,2.68,43.6250741257725,17.8301465320246,16.3579325981877,5.0716686353804,55.2630147852361,11.6367378465029,0.733333333333333,9.04303878303863,1.90419346579138,0.829909413062247,25.6,5.4,0.213996933800848,1.00476021767773,0.27,77.7,33.0,18.0,49.0,7.0
Shawn Tolleson,10481,AL,TEX,Cl,0,70,0,290.973213346,3.88552442773288,2.97520280935426,0,32,3.60,61.5977588946645,30.5116527051083,27.992341931292,8.37112984327512,69.4665271166896,24.8976766735575,1.47777777777778,8.93141062928867,3.20112985802882,1.0762881227068,23.9,8.6,0.231504781179849,1.23564907954603,0.285,74.9,41.0,20.0,39.0,11.0
Shelby Miller,10197,NL,ARI,S,32,195,195,817.875168987463,12.0695455670405,11.1557998355322,19,0,3.67,180.326071797158,86.7556930781803,79.5923789708076,21.4222428809775,166.846534473442,67.065763856972,4.98333333333333,7.70060928338965,3.09534294724486,0.98871890219896,20.4,8.2,0.240175563285355,1.26867608027759,0.285,73.9,44.0,19.0,37.0,10.0
Sonny Gray,12768,AL,OAK,S,32,210,210,867.868791012913,14.4550751177385,10.5568353158013,23,0,3.24,189.177429562599,82.3878305671338,75.5851656579209,16.5519905873157,175.922144325167,65.9580281169814,3.73333333333333,7.53952047107858,2.82677263358492,0.709371025170672,20.3,7.6,0.23590833084647,1.21493075085514,0.285,74.5,53.0,19.0,28.0,9.5
Stephen Strasburg,10131,NL,WAS,S,32,200,200,806.113136063716,14.7739409596653,9.04692611989641,22,0,3.05,171.803018616464,73.7683814639101,67.6774141870735,19.9651663726818,225.71167809784,46.7545618916955,7.55555555555556,10.1570255144028,2.1039552851263,0.89843248677068,28.0,5.8,0.22624755215781,1.0927879025408,0.3,76.0,46.0,21.0,33.0,11.5
Steve Cishek,6483,AL,SEA,Cl,0,65,0,273.049197352309,3.69137927250476,2.67929601907615,0,28,3.32,58.3755248707327,26.1428808206166,23.9842943308409,4.42238824778278,62.6093478797833,24.8014502593541,1.37222222222222,8.66898662950846,3.43404695898749,0.612330680462232,22.9,9.1,0.235150270462976,1.2796457712321,0.3,74.1,48.0,20.0,32.0,7.5
Steven Matz,13361,NL,NYM,S,29,170,170,708.147565022715,10.6322905062986,9.61544651132884,16,0,3.50,158.008755858256,72.1288296994539,66.1732382563797,17.1400099724698,156.347573391595,50.9054758311255,6.23333333333333,8.2772244736727,2.69499577929488,0.907412292660165,22.1,7.2,0.240411803286377,1.22890724523166,0.295,74.0,46.0,21.0,33.0,10.5
Steven Wright,8185,AL,BOS,MR,2,50,11,211.957616654106,2.61962760709155,2.28089184797069,1,0,3.98,48.5095340284279,24.0981533878028,22.1083976034888,6.17337947821099,38.7882438477013,17.3369715145666,1.11111111111111,6.98188389258624,3.12065487262198,1.11120830607798,18.3,8.2,0.249251737880365,1.31693011085989,0.285,73.0,45.0,17.0,38.0,10.5
Taijuan Walker,11836,AL,SEA,S,31,185,185,773.425534375113,11.8429239412387,10.1913781073558,18,0,3.65,171.555266249645,81.7032358474984,74.9570971077967,22.0173914020799,170.390030545617,55.2980459032467,10.0722222222222,8.28924472924625,2.69017520610389,1.07111633847956,22.0,7.1,0.238892493329707,1.22623411974536,0.29,74.0,40.0,21.0,39.0,10.5
Tanner Roark,8753,NL,WAS,S,24,140,140,587.411694441644,8.73147841504735,7.94312854064584,13,0,3.79,142.554404469587,64.1827559628972,58.8832623512818,15.1953153963255,101.63336340119,34.657289972057,4.2,6.53357336150504,2.22796864106081,0.976841704049497,17.3,5.9,0.257898269677976,1.26579781744031,0.295,72.5,45.0,21.0,34.0,10.0
Taylor Jungmann,13119,NL,MIL,S,26,145,145,632.454854333509,8.16569899823229,9.10442963444994,12,0,4.02,136.363635858302,70.5298783898122,64.706310449369,15.0086299066095,130.482104420532,65.924551808541,9.66666666666667,8.0988892398951,4.09186873294392,0.931570132134382,20.6,10.4,0.240699632924387,1.3950909494265,0.295,72.7,47.0,21.0,32.0,11.0
Tom Koehler,6570,NL,MIA,S,31,185,185,803.27985993226,9.78248956167158,12.251812486923,16,0,4.25,188.915730176067,95.2215596476079,87.3592290345027,21.2278116185105,135.754296328552,71.4919075339711,6.37222222222222,6.60426306463226,3.47798469084184,1.03270434900862,16.9,8.9,0.258156381991441,1.40760885248669,0.295,71.6,44.0,20.0,36.0,10.0
Tommy Milone,7608,AL,MIN,S,26,150,150,634.836161139723,8.83859532046376,9.02705498920751,13,0,4.14,153.667302182222,75.1355211863045,68.9316708131234,20.3325545857124,108.559755884408,43.1688589575012,3,6.5135853530645,2.59013153745007,1.21995327514274,17.1,6.8,0.259719105002857,1.31224107426482,0.29,72.3,40.0,21.5,38.5,11.0
Trevor Bauer,12703,AL,CLE,S,31,185,185,790.789526586721,11.3480649654592,10.6862370831354,17,0,3.92,168.432611345754,87.8458489590955,80.5925219808216,22.619476888295,179.509222535186,76.8124707965219,9.04444444444445,8.73288109630633,3.73682290361458,1.10040698375489,22.7,9.7,0.235907596721495,1.32564909266095,0.29,73.7,38.5,20.5,41.0,10.5
Trevor Rosenthal,10745,NL,STL,Cl,0,70,0,289.358187879906,4.24618337767301,2.61454385941412,0,38,2.95,58.018270497898,25.020341581737,22.9544418181073,4.53332387600857,81.1244658943831,24.7621396042297,3.57777777777778,10.430288472135,3.18370366340096,0.582855926915388,28.0,8.6,0.219271114878671,1.18257728717325,0.305,75.6,44.0,20.0,36.0,7.0
Tyler Clippard,5640,NL,ARI,MR,0,70,0,279.746945187604,4.16634917832824,2.69437805875889,0,6,3.02,49.4534054007267,25.5939800088618,23.4807156044604,9.18110028971113,71.9007940003111,24.3379842313215,2.95555555555556,9.24438780003999,3.12916940116991,1.18042718010572,25.7,8.7,0.193624394443982,1.05416270902926,0.235,79.1,27.0,16.5,56.5,9.0
Tyler Lyons,11334,NL,STL,MR,3,60,17,246.444278243044,3.30362219841599,2.57700114765869,2,0,3.36,55.6558901497482,24.422486556726,22.4059509694734,6.11764322512737,55.6119861631943,14.7883880932954,2,8.34179792447915,2.21825821399431,0.917646483769105,22.6,6.0,0.240252428348663,1.17407130405073,0.295,74.4,43.0,20.0,37.0,9.5
Tyson Ross,7872,NL,SD,S,32,195,195,819.373045579807,12.0993163050451,11.1260290975276,20,0,3.20,170.589900232136,75.4849856067463,69.2522803731618,12.4124255151507,196.419225660367,74.1831453476708,9.1,9.06550272278619,3.42383747758481,0.572881177622339,24.0,9.1,0.228921379877794,1.25524638758875,0.3,74.4,57.5,19.5,23.0,10.0
Ubaldo Jimenez,3374,AL,BAL,S,32,185,185,794.935459506362,11.1174749953993,10.9168270531953,16,0,3.90,175.338322060418,87.3278911838043,80.1173313612884,18.7533862060769,162.288543127761,76.3138041126108,6.78333333333333,7.89511831432351,3.7125634433162,0.91232689651185,20.4,9.6,0.243992538694573,1.36028176309745,0.295,72.9,46.5,21.0,32.5,10.5
Vincent Velasquez,11189,NL,PHI,S,14,105,80,441.65302339104,5.82300121279578,6.68295400397411,7,0,3.64,92.3218617136316,46.3453182058208,42.5186405557989,12.1240641359906,108.153667999569,40.164495010742,4.66666666666667,9.27031439996303,3.44267100092074,1.03920549737063,24.5,9.1,0.22994894047429,1.26177482594641,0.29,74.6,38.0,20.0,42.0,10.0
Wade Davis,7441,AL,KC,Cl,0,70,0,276.329176398197,4.83516207873074,2.02556515835639,0,38,2.38,48.3286366918593,20.1364943728091,18.4738480484487,4.62831097304921,81.7934362138662,23.2116508174485,1.78888888888889,10.5162989417828,2.98435510510053,0.595068553677756,29.6,8.4,0.19093358542035,1.02200410727583,0.265,79.0,40.0,21.0,39.0,7.0
Wade Miley,8779,AL,SEA,S,32,195,195,831.763648166238,11.860415083772,11.3649303188007,18,0,3.87,196.654319961105,91.3603148320266,83.8168025981895,18.0923200962189,148.855333648599,65.7093282051328,3.9,6.87024616839686,3.03273822485228,0.835030158287028,17.9,7.9,0.256710672907751,1.34545460598071,0.3,72.1,49.5,21.0,29.5,10.0
Wei-Yin Chen,13071,NL,MIA,S,31,190,190,782.242211669346,11.7187203124096,10.911103413174,19,0,3.61,184.418890027532,83.0937876408304,76.2328326980096,22.6394809753966,154.919377837875,43.023321641814,3.8,7.33828631863618,2.03794681461224,1.07239646725563,19.8,5.5,0.249478053815242,1.19706427194393,0.29,73.7,40.0,21.0,39.0,10.0
Will Smith,8048,NL,MIL,Cl,0,65,0,268.147144684941,3.64608677871521,2.7245885128657,0,20,3.22,54.027973730444,25.3765147385985,23.2812061822004,6.15442853673161,81.9427542462532,23.5969487322748,2.02222222222222,11.345919818712,3.26726982446882,0.852151643547454,30.6,8.8,0.22092795108985,1.19422957634952,0.31,75.7,43.5,20.0,36.5,10.5
Williams Perez,11592,NL,ATL,S,24,135,135,597.585537461493,6.16084672293349,9.91823855577065,10,0,4.41,144.245348095559,72.0330758020172,66.0853906440525,13.8997635767419,94.4830123259741,53.2901893659336,8.55,6.29886748839827,3.55267929106224,0.926650905116128,15.8,8.9,0.265013009205867,1.46322620341846,0.305,70.5,50.0,20.0,30.0,10.5
Wily Peralta,7738,NL,MIL,S,30,175,175,760.337487758419,9.31364366560557,11.5296150290109,14,0,4.25,184.073147095562,90.1587565176143,82.714455520747,19.1173891642276,122.603231493552,62.3476739961904,6.41666666666667,6.30530904823981,3.20645180551836,0.983180014160274,16.1,8.2,0.263718959025192,1.40811897766716,0.3,71.1,52.0,20.0,28.0,12.0
Yordano Ventura,11855,AL,KC,S,31,185,185,779.638010797481,11.9621324998133,10.0721695487813,18,0,3.49,168.372932482107,78.0979352508619,71.6494818815247,15.9771879628759,172.300000386243,67.5706338709296,7.19444444444444,8.38216218095238,3.28722002615333,0.777268603599369,22.1,8.7,0.23645646175906,1.27537062893533,0.295,73.9,49.5,20.5,30.0,10.0
Yovani Gallardo,8173,,FA,S,32,185,185,795.458367811191,10.5740865956744,11.4602154529202,16,0,4.09,188.672184325018,91.6116521621903,84.0473873047618,19.2603037221029,131.634319237102,67.6139612639512,2.67222222222222,6.40383174666982,3.2893278452733,0.936987748642842,16.5,8.5,0.259220490846449,1.38533051669713,0.295,71.8,49.5,21.0,29.5,11.0
Yu Darvish,13074,AL,TEX,S,22,135,135,567.141130244584,9.07525902919936,7.00382624950478,13,0,3.61,118.836032061583,59.0982687678064,54.2185951998224,14.6738619632598,142.57006807011,53.0550981830011,3.75,9.50467120467399,3.53700654553341,0.978257464217318,25.1,9.4,0.231159814992498,1.27326763144136,0.295,74.5,40.5,21.5,38.0,10.5
Zach Britton,3240,AL,BAL,Cl,0,65,0,261.935449786593,4.25620833876596,2.11446695281495,0,38,2.68,54.5405058677713,21.1011174776787,19.3588233740171,3.46156608425778,66.4299913648235,17.8116105854883,1.08333333333333,9.19799880436018,2.46622300414454,0.479293765512615,25.4,6.8,0.223413272731804,1.1131094838963,0.295,75.9,72.0,14.0,14.0,14.0
Zack Greinke,1943,NL,ARI,S,32,210,210,854.182248261748,14.6369844515989,10.3749259819409,23,0,3.17,192.44804235909,80.7502705725352,74.0828170390231,19.1108764272955,194.753552603678,47.8342059026579,4.9,8.34658082587193,2.05003739582819,0.819037561169805,22.8,5.6,0.2386662238257,1.1442011821988,0.295,74.7,47.5,21.0,31.5,10.0
Zack Wheeler,10310,NL,NYM,S,10,55,55,237.680317082017,3.17692355451122,3.37381489236825,5,0,3.83,50.5384518174417,25.4893548309499,23.3847292027064,5.17388975596691,51.0863855818992,24.7696430423529,2.87222222222222,8.35959036794715,4.05321431602139,0.846636505521857,21.5,10.4,0.237369272561819,1.3692380883599,0.295,73.2,48.0,21.0,31.0,10.5
